,RPM,Speed,attack
0,370,0,0
1,0,855,0
2,371,0,0
3,0,855,0
4,372,0,0
5,0,855,0
6,372,0,0
7,371,0,0
8,0,860,0
9,371,0,0
10,0,860,0
11,371,0,0
12,0,855,0
13,371,0,0
14,373,0,0
15,0,855,0
16,373,0,0
17,0,855,0
18,372,0,0
19,0,855,0
20,370,0,0
21,370,0,0
22,0,855,0
23,372,0,0
24,0,855,0
25,372,0,0
26,0,855,0
27,371,0,0
28,371,0,0
29,0,855,0
30,371,0,0
31,0,855,0
32,371,0,0
33,0,855,0
34,373,0,0
35,373,0,0
36,0,855,0
37,373,0,0
38,0,855,0
39,373,0,0
40,0,855,0
41,373,0,0
42,375,0,0
43,0,855,0
44,375,0,0
45,0,849,0
46,373,0,0
47,0,855,0
48,373,0,0
49,373,0,0
50,0,849,0
51,373,0,0
52,0,849,0
53,373,0,0
54,0,849,0
55,372,0,0
56,372,0,0
57,0,849,0
58,372,0,0
59,0,849,0
60,372,0,0
61,0,849,0
62,375,0,0
63,374,0,0
64,0,855,0
65,374,0,0
66,0,855,0
67,373,0,0
68,0,855,0
69,373,0,0
70,373,0,0
71,0,855,0
72,373,0,0
73,0,855,0
74,371,0,0
75,0,855,0
76,371,0,0
77,371,0,0
78,0,855,0
79,372,0,0
80,0,855,0
81,372,0,0
82,0,860,0
83,372,0,0
84,372,0,0
85,0,855,0
86,372,0,0
87,0,855,0
88,372,0,0
89,0,855,0
90,374,0,0
91,374,0,0
92,0,855,0
93,374,0,0
94,0,855,0
95,372,0,0
96,0,860,0
97,372,0,0
98,374,0,0
99,0,860,0
100,374,0,0
101,0,860,0
102,371,0,0
103,0,860,0
104,371,0,0
105,371,0,0
106,0,860,0
107,369,0,0
108,0,860,0
109,369,0,0
110,0,860,0
111,368,0,0
112,368,0,0
113,0,860,0
114,368,0,0
115,0,860,0
116,368,0,0
117,0,860,0
118,371,0,0
119,371,0,0
120,0,860,0
121,371,0,0
122,0,860,0
123,372,0,0
124,0,860,0
125,372,0,0
126,374,0,0
127,0,860,0
128,374,0,0
129,0,855,0
130,374,0,0
131,0,855,0
132,374,0,0
133,373,0,0
134,0,855,0
135,373,0,0
136,0,860,0
137,373,0,0
138,0,860,0
139,372,0,0
140,372,0,0
141,0,860,0
142,372,0,0
143,0,860,0
144,372,0,0
145,0,860,0
146,373,0,0
147,373,0,0
148,0,860,0
149,371,0,0
150,0,860,0
151,371,0,0
152,0,855,0
153,370,0,0
154,372,0,0
155,0,855,0
156,372,0,0
157,0,855,0
158,371,0,0
159,0,855,0
160,371,0,0
161,372,0,0
162,0,855,0
163,372,0,0
164,0,855,0
165,374,0,0
166,0,860,0
167,374,0,0
168,374,0,0
169,0,860,0
170,373,0,0
171,0,855,0
172,373,0,0
173,0,855,0
174,375,0,0
175,375,0,0
176,0,855,0
177,373,0,0
178,0,860,0
179,373,0,0
180,0,860,0
181,373,0,0
182,374,0,0
183,0,860,0
184,374,0,0
185,0,860,0
186,373,0,0
187,0,860,0
188,373,0,0
189,372,0,0
190,0,860,0
191,372,0,0
192,0,860,0
193,375,0,0
194,0,860,0
195,375,0,0
196,373,0,0
197,0,860,0
198,375,0,0
199,0,860,0
200,375,0,0
201,0,860,0
202,375,0,0
203,375,0,0
204,0,860,0
205,375,0,0
206,0,860,0
207,375,0,0
208,0,860,0
209,373,0,0
210,374,0,0
211,0,860,0
212,374,0,0
213,0,860,0
214,371,0,0
215,0,860,0
216,371,0,0
217,371,0,0
218,0,860,0
219,371,0,0
220,0,860,0
221,372,0,0
222,0,860,0
223,372,0,0
224,370,0,0
225,0,860,0
226,370,0,0
227,0,860,0
228,370,0,0
229,0,860,0
230,371,0,0
231,371,0,0
232,0,860,0
233,370,0,0
234,0,860,0
235,370,0,0
236,0,860,0
237,368,0,0
238,368,0,0
239,0,866,0
240,369,0,0
241,0,860,0
242,368,0,0
243,0,860,0
244,368,0,0
245,368,0,0
246,0,866,0
247,368,0,0
248,0,860,0
249,372,0,0
250,0,866,0
251,372,0,0
252,371,0,0
253,0,860,0
254,371,0,0
255,0,860,0
256,373,0,0
257,0,855,0
258,373,0,0
259,373,0,0
260,0,855,0
261,370,0,0
262,0,860,0
263,370,0,0
264,0,860,0
265,370,0,0
266,370,0,0
267,0,860,0
268,372,0,0
269,0,860,0
270,372,0,0
271,0,860,0
272,370,0,0
273,371,0,0
274,0,866,0
275,371,0,0
276,0,860,0
277,370,0,0
278,0,860,0
279,370,0,0
280,369,0,0
281,0,860,0
282,369,0,0
283,0,860,0
284,371,0,0
285,0,860,0
286,371,0,0
287,373,0,0
288,0,860,0
289,372,0,0
290,0,860,0
291,372,0,0
292,0,860,0
293,372,0,0
294,372,0,0
295,0,860,0
296,373,0,0
297,0,860,0
298,373,0,0
299,0,860,0
300,372,0,0
301,372,0,0
302,0,860,0
303,371,0,0
304,0,860,0
305,372,0,0
306,0,860,0
307,372,0,0
308,371,0,0
309,0,855,0
310,371,0,0
311,0,860,0
312,372,0,0
313,0,860,0
314,372,0,0
315,373,0,0
316,0,860,0
317,373,0,0
318,0,860,0
319,373,0,0
320,0,860,0
321,373,0,0
322,373,0,0
323,0,860,0
324,375,0,0
325,0,860,0
326,375,0,0
327,0,860,0
328,373,0,0
329,373,0,0
330,0,860,0
331,372,0,0
332,0,855,0
333,373,0,0
334,0,855,0
335,373,0,0
336,372,0,0
337,0,860,0
338,372,0,0
339,0,855,0
340,372,0,0
341,0,855,0
342,372,0,0
343,373,0,0
344,0,860,0
345,373,0,0
346,0,855,0
347,373,0,0
348,0,860,0
349,373,0,0
350,373,0,0
351,0,855,0
352,374,0,0
353,0,855,0
354,374,0,0
355,0,855,0
356,372,0,0
357,372,0,0
358,0,855,0
359,372,0,0
360,0,855,0
361,374,0,0
362,0,855,0
363,374,0,0
364,131070,0,1
365,374,0,0
366,131070,0,1
367,0,855,0
368,131070,0,1
369,131070,0,1
370,374,0,0
371,131070,0,1
372,131070,0,1
373,0,855,0
374,131070,0,1
375,373,0,0
376,131070,0,1
377,131070,0,1
378,131070,0,1
379,0,855,0
380,373,0,0
381,131070,0,1
382,131070,0,1
383,131070,0,1
384,376,0,0
385,131070,0,1
386,0,849,0
387,131070,0,1
388,131070,0,1
389,376,0,0
390,131070,0,1
391,131070,0,1
392,0,849,0
393,131070,0,1
394,373,0,0
395,131070,0,1
396,131070,0,1
397,131070,0,1
398,0,855,0
399,372,0,0
400,131070,0,1
401,131070,0,1
402,131070,0,1
403,372,0,0
404,131070,0,1
405,0,855,0
406,131070,0,1
407,131070,0,1
408,372,0,0
409,131070,0,1
410,131070,0,1
411,0,855,0
412,131070,0,1
413,372,0,0
414,131070,0,1
415,131070,0,1
416,131070,0,1
417,0,860,0
418,370,0,0
419,131070,0,1
420,131070,0,1
421,131070,0,1
422,370,0,0
423,131070,0,1
424,0,855,0
425,131070,0,1
426,131070,0,1
427,372,0,0
428,131070,0,1
429,131070,0,1
430,0,855,0
431,131070,0,1
432,372,0,0
433,131070,0,1
434,131070,0,1
435,131070,0,1
436,0,860,0
437,373,0,0
438,131070,0,1
439,131070,0,1
440,131070,0,1
441,372,0,0
442,131070,0,1
443,0,860,0
444,131070,0,1
445,131070,0,1
446,372,0,0
447,131070,0,1
448,131070,0,1
449,0,860,0
450,131070,0,1
451,373,0,0
452,131070,0,1
453,131070,0,1
454,131070,0,1
455,0,860,0
456,373,0,0
457,131070,0,1
458,131070,0,1
459,131070,0,1
460,375,0,0
461,131070,0,1
462,0,860,0
463,131070,0,1
464,131070,0,1
465,375,0,0
466,131070,0,1
467,0,860,0
468,131070,0,1
469,131070,0,1
470,374,0,0
471,131070,0,1
472,131070,0,1
473,131070,0,1
474,0,860,0
475,374,0,0
476,131070,0,1
477,131070,0,1
478,131070,0,1
479,374,0,0
480,131070,0,1
481,0,860,0
482,131070,0,1
483,131070,0,1
484,376,0,0
485,131070,0,1
486,131070,0,1
487,0,860,0
488,131070,0,1
489,376,0,0
490,131070,0,1
491,131070,0,1
492,131070,0,1
493,0,860,0
494,374,0,0
495,131070,0,1
496,131070,0,1
497,131070,0,1
498,374,0,0
499,131070,0,1
500,0,855,0
501,131070,0,1
502,131070,0,1
503,371,0,0
504,131070,0,1
505,131070,0,1
506,0,855,0
507,131070,0,1
508,371,0,0
509,131070,0,1
510,131070,0,1
511,0,855,0
512,131070,0,1
513,372,0,0
514,131070,0,1
515,131070,0,1
516,131070,0,1
517,369,0,0
518,131070,0,1
519,0,855,0
520,131070,0,1
521,131070,0,1
522,369,0,0
523,131070,0,1
524,131070,0,1
525,0,855,0
526,131070,0,1
527,370,0,0
528,131070,0,1
529,131070,0,1
530,0,855,0
531,131070,0,1
532,370,0,0
533,131070,0,1
534,131070,0,1
535,131070,0,1
536,371,0,0
537,131070,0,1
538,0,855,0
539,131070,0,1
540,131070,0,1
541,371,0,0
542,131070,0,1
543,131070,0,1
544,0,855,0
545,131070,0,1
546,371,0,0
547,131070,0,1
548,131070,0,1
549,131070,0,1
550,0,855,0
551,371,0,0
552,131070,0,1
553,131070,0,1
554,131070,0,1
555,370,0,0
556,131070,0,1
557,0,855,0
558,131070,0,1
559,131070,0,1
560,373,0,0
561,131070,0,1
562,131070,0,1
563,0,849,0
564,131070,0,1
565,373,0,0
566,131070,0,1
567,131070,0,1
568,0,849,0
569,131070,0,1
570,372,0,0
571,131070,0,1
572,131070,0,1
573,131070,0,1
574,372,0,0
575,131070,0,1
576,0,849,0
577,131070,0,1
578,131070,0,1
579,374,0,0
580,131070,0,1
581,131070,0,1
582,0,843,0
583,131070,0,1
584,374,0,0
585,131070,0,1
586,131070,0,1
587,131070,0,1
588,0,843,0
589,374,0,0
590,131070,0,1
591,131070,0,1
592,131070,0,1
593,374,0,0
594,131070,0,1
595,0,843,0
596,131070,0,1
597,131070,0,1
598,374,0,0
599,131070,0,1
600,131070,0,1
601,0,849,0
602,131070,0,1
603,373,0,0
604,131070,0,1
605,131070,0,1
606,0,849,0
607,131070,0,1
608,373,0,0
609,131070,0,1
610,131070,0,1
611,131070,0,1
612,374,0,0
613,131070,0,1
614,0,849,0
615,131070,0,1
616,131070,0,1
617,374,0,0
618,131070,0,1
619,131070,0,1
620,0,849,0
621,131070,0,1
622,373,0,0
623,131070,0,1
624,131070,0,1
625,131070,0,1
626,0,849,0
627,373,0,0
628,131070,0,1
629,131070,0,1
630,131070,0,1
631,374,0,0
632,131070,0,1
633,0,849,0
634,131070,0,1
635,131070,0,1
636,375,0,0
637,131070,0,1
638,131070,0,1
639,0,843,0
640,131070,0,1
641,375,0,0
642,131070,0,1
643,131070,0,1
644,0,849,0
645,131070,0,1
646,373,0,0
647,131070,0,1
648,131070,0,1
649,131070,0,1
650,373,0,0
651,131070,0,1
652,0,843,0
653,131070,0,1
654,131070,0,1
655,373,0,0
656,131070,0,1
657,131070,0,1
658,0,843,0
659,131070,0,1
660,373,0,0
661,131070,0,1
662,131070,0,1
663,131070,0,1
664,0,843,0
665,375,0,0
666,131070,0,1
667,131070,0,1
668,131070,0,1
669,375,0,0
670,131070,0,1
671,0,843,0
672,131070,0,1
673,131070,0,1
674,373,0,0
675,131070,0,1
676,0,843,0
677,131070,0,1
678,131070,0,1
679,374,0,0
680,131070,0,1
681,131070,0,1
682,131070,0,1
683,0,843,0
684,374,0,0
685,131070,0,1
686,131070,0,1
687,131070,0,1
688,374,0,0
689,131070,0,1
690,0,843,0
691,131070,0,1
692,131070,0,1
693,374,0,0
694,131070,0,1
695,131070,0,1
696,0,849,0
697,131070,0,1
698,373,0,0
699,131070,0,1
700,131070,0,1
701,131070,0,1
702,0,849,0
703,373,0,0
704,131070,0,1
705,131070,0,1
706,131070,0,1
707,372,0,0
708,131070,0,1
709,0,849,0
710,131070,0,1
711,131070,0,1
712,374,0,0
713,131070,0,1
714,131070,0,1
715,0,849,0
716,131070,0,1
717,374,0,0
718,131070,0,1
719,131070,0,1
720,131070,0,1
721,0,849,0
722,371,0,0
723,131070,0,1
724,131070,0,1
725,131070,0,1
726,371,0,0
727,131070,0,1
728,0,855,0
729,131070,0,1
730,131070,0,1
731,372,0,0
732,131070,0,1
733,131070,0,1
734,0,855,0
735,131070,0,1
736,372,0,0
737,131070,0,1
738,131070,0,1
739,131070,0,1
740,0,855,0
741,373,0,0
742,131070,0,1
743,131070,0,1
744,131070,0,1
745,373,0,0
746,131070,0,1
747,0,855,0
748,131070,0,1
749,131070,0,1
750,372,0,0
751,131070,0,1
752,131070,0,1
753,0,855,0
754,131070,0,1
755,371,0,0
756,131070,0,1
757,131070,0,1
758,131070,0,1
759,0,855,0
760,371,0,0
761,131070,0,1
762,131070,0,1
763,131070,0,1
764,373,0,0
765,131070,0,1
766,0,849,0
767,131070,0,1
768,131070,0,1
769,373,0,0
770,131070,0,1
771,131070,0,1
772,0,849,0
773,131070,0,1
774,372,0,0
775,131070,0,1
776,131070,0,1
777,131070,0,1
778,0,849,0
779,372,0,0
780,131070,0,1
781,131070,0,1
782,131070,0,1
783,372,0,0
784,131070,0,1
785,0,843,0
786,131070,0,1
787,131070,0,1
788,372,0,0
789,131070,0,1
790,131070,0,1
791,0,843,0
792,131070,0,1
793,372,0,0
794,131070,0,1
795,131070,0,1
796,131070,0,1
797,0,843,0
798,370,0,0
799,131070,0,1
800,131070,0,1
801,131070,0,1
802,370,0,0
803,131070,0,1
804,0,838,0
805,131070,0,1
806,131070,0,1
807,370,0,0
808,131070,0,1
809,131070,0,1
810,0,838,0
811,131070,0,1
812,370,0,0
813,131070,0,1
814,131070,0,1
815,131070,0,1
816,0,838,0
817,371,0,0
818,131070,0,1
819,131070,0,1
820,131070,0,1
821,371,0,0
822,131070,0,1
823,0,838,0
824,131070,0,1
825,131070,0,1
826,371,0,0
827,131070,0,1
828,0,838,0
829,131070,0,1
830,131070,0,1
831,371,0,0
832,131070,0,1
833,131070,0,1
834,131070,0,1
835,0,838,0
836,371,0,0
837,131070,0,1
838,131070,0,1
839,131070,0,1
840,373,0,0
841,131070,0,1
842,0,838,0
843,131070,0,1
844,131070,0,1
845,373,0,0
846,131070,0,1
847,131070,0,1
848,0,838,0
849,131070,0,1
850,371,0,0
851,131070,0,1
852,131070,0,1
853,131070,0,1
854,0,838,0
855,371,0,0
856,131070,0,1
857,131070,0,1
858,131070,0,1
859,370,0,0
860,131070,0,1
861,0,832,0
862,131070,0,1
863,131070,0,1
864,370,0,0
865,131070,0,1
866,131070,0,1
867,0,832,0
868,131070,0,1
869,371,0,0
870,131070,0,1
871,131070,0,1
872,0,838,0
873,131070,0,1
874,371,0,0
875,131070,0,1
876,131070,0,1
877,131070,0,1
878,369,0,0
879,131070,0,1
880,0,838,0
881,131070,0,1
882,131070,0,1
883,370,0,0
884,131070,0,1
885,131070,0,1
886,0,832,0
887,131070,0,1
888,370,0,0
889,131070,0,1
890,131070,0,1
891,131070,0,1
892,0,838,0
893,371,0,0
894,131070,0,1
895,131070,0,1
896,131070,0,1
897,371,0,0
898,131070,0,1
899,0,838,0
900,131070,0,1
901,131070,0,1
902,368,0,0
903,131070,0,1
904,131070,0,1
905,0,838,0
906,131070,0,1
907,368,0,0
908,131070,0,1
909,131070,0,1
910,0,832,0
911,131070,0,1
912,367,0,0
913,131070,0,1
914,131070,0,1
915,131070,0,1
916,367,0,0
917,131070,0,1
918,0,832,0
919,131070,0,1
920,131070,0,1
921,369,0,0
922,131070,0,1
923,131070,0,1
924,0,832,0
925,131070,0,1
926,370,0,0
927,131070,0,1
928,131070,0,1
929,0,832,0
930,131070,0,1
931,370,0,0
932,131070,0,1
933,131070,0,1
934,131070,0,1
935,371,0,0
936,131070,0,1
937,0,832,0
938,131070,0,1
939,131070,0,1
940,371,0,0
941,131070,0,1
942,0,832,0
943,131070,0,1
944,131070,0,1
945,373,0,0
946,131070,0,1
947,131070,0,1
948,131070,0,1
949,0,832,0
950,373,0,0
951,131070,0,1
952,131070,0,1
953,131070,0,1
954,372,0,0
955,131070,0,1
956,0,826,0
957,131070,0,1
958,131070,0,1
959,371,0,0
960,131070,0,1
961,131070,0,1
962,0,832,0
963,131070,0,1
964,371,0,0
965,131070,0,1
966,131070,0,1
967,131070,0,1
968,0,832,0
969,373,0,0
970,131070,0,1
971,131070,0,1
972,131070,0,1
973,373,0,0
974,131070,0,1
975,0,832,0
976,131070,0,1
977,131070,0,1
978,371,0,0
979,131070,0,1
980,131070,0,1
981,0,832,0
982,131070,0,1
983,371,0,0
984,131070,0,1
985,131070,0,1
986,131070,0,1
987,0,832,0
988,370,0,0
989,131070,0,1
990,131070,0,1
991,131070,0,1
992,370,0,0
993,131070,0,1
994,0,832,0
995,131070,0,1
996,131070,0,1
997,372,0,0
998,131070,0,1
999,131070,0,1
1000,0,832,0
1001,131070,0,1
1002,371,0,0
1003,131070,0,1
1004,131070,0,1
1005,131070,0,1
1006,0,832,0
1007,371,0,0
1008,131070,0,1
1009,131070,0,1
1010,131070,0,1
1011,373,0,0
1012,131070,0,1
1013,0,838,0
1014,131070,0,1
1015,131070,0,1
1016,373,0,0
1017,131070,0,1
1018,131070,0,1
1019,0,838,0
1020,131070,0,1
1021,375,0,0
1022,131070,0,1
1023,131070,0,1
1024,131070,0,1
1025,0,838,0
1026,375,0,0
1027,131070,0,1
1028,131070,0,1
1029,131070,0,1
1030,373,0,0
1031,131070,0,1
1032,0,838,0
1033,131070,0,1
1034,131070,0,1
1035,373,0,0
1036,131070,0,1
1037,131070,0,1
1038,0,838,0
1039,131070,0,1
1040,373,0,0
1041,131070,0,1
1042,131070,0,1
1043,131070,0,1
1044,0,838,0
1045,374,0,0
1046,131070,0,1
1047,131070,0,1
1048,131070,0,1
1049,374,0,0
1050,131070,0,1
1051,0,838,0
1052,131070,0,1
1053,131070,0,1
1054,371,0,0
1055,131070,0,1
1056,131070,0,1
1057,0,838,0
1058,131070,0,1
1059,371,0,0
1060,131070,0,1
1061,131070,0,1
1062,0,838,0
1063,371,0,0
1064,131070,0,1
1065,131070,0,1
1066,131070,0,1
1067,131070,0,1
1068,371,0,0
1069,131070,0,1
1070,0,838,0
1071,131070,0,1
1072,131070,0,1
1073,373,0,0
1074,131070,0,1
1075,131070,0,1
1076,0,838,0
1077,131070,0,1
1078,373,0,0
1079,131070,0,1
1080,131070,0,1
1081,131070,0,1
1082,0,838,0
1083,371,0,0
1084,131070,0,1
1085,131070,0,1
1086,131070,0,1
1087,372,0,0
1088,131070,0,1
1089,0,849,0
1090,131070,0,1
1091,131070,0,1
1092,372,0,0
1093,131070,0,1
1094,131070,0,1
1095,0,843,0
1096,131070,0,1
1097,374,0,0
1098,131070,0,1
1099,131070,0,1
1100,131070,0,1
1101,0,838,0
1102,374,0,0
1103,131070,0,1
1104,131070,0,1
1105,131070,0,1
1106,374,0,0
1107,131070,0,1
1108,0,843,0
1109,131070,0,1
1110,131070,0,1
1111,374,0,0
1112,131070,0,1
1113,0,849,0
1114,131070,0,1
1115,131070,0,1
1116,376,0,0
1117,131070,0,1
1118,131070,0,1
1119,131070,0,1
1120,0,843,0
1121,378,0,0
1122,131070,0,1
1123,131070,0,1
1124,131070,0,1
1125,378,0,0
1126,131070,0,1
1127,0,838,0
1128,131070,0,1
1129,131070,0,1
1130,370,0,0
1131,131070,0,1
1132,131070,0,1
1133,0,838,0
1134,131070,0,1
1135,370,0,0
1136,131070,0,1
1137,131070,0,1
1138,131070,0,1
1139,0,838,0
1140,364,0,0
1141,131070,0,1
1142,131070,0,1
1143,131070,0,1
1144,364,0,0
1145,131070,0,1
1146,0,832,0
1147,131070,0,1
1148,131070,0,1
1149,358,0,0
1150,131070,0,1
1151,131070,0,1
1152,0,826,0
1153,131070,0,1
1154,358,0,0
1155,131070,0,1
1156,131070,0,1
1157,0,826,0
1158,131070,0,1
1159,353,0,0
1160,131070,0,1
1161,131070,0,1
1162,131070,0,1
1163,353,0,0
1164,131070,0,1
1165,0,826,0
1166,131070,0,1
1167,131070,0,1
1168,353,0,0
1169,131070,0,1
1170,0,826,0
1171,131070,0,1
1172,131070,0,1
1173,353,0,0
1174,131070,0,1
1175,131070,0,1
1176,131070,0,1
1177,0,826,0
1178,356,0,0
1179,131070,0,1
1180,131070,0,1
1181,131070,0,1
1182,358,0,0
1183,131070,0,1
1184,0,826,0
1185,131070,0,1
1186,131070,0,1
1187,358,0,0
1188,131070,0,1
1189,131070,0,1
1190,0,826,0
1191,131070,0,1
1192,362,0,0
1193,131070,0,1
1194,131070,0,1
1195,131070,0,1
1196,0,826,0
1197,362,0,0
1198,131070,0,1
1199,131070,0,1
1200,131070,0,1
1201,367,0,0
1202,131070,0,1
1203,0,832,0
1204,131070,0,1
1205,131070,0,1
1206,367,0,0
1207,131070,0,1
1208,131070,0,1
1209,0,832,0
1210,131070,0,1
1211,367,0,0
1212,131070,0,1
1213,131070,0,1
1214,0,832,0
1215,131070,0,1
1216,367,0,0
1217,131070,0,1
1218,131070,0,1
1219,131070,0,1
1220,367,0,0
1221,131070,0,1
1222,0,826,0
1223,131070,0,1
1224,131070,0,1
1225,367,0,0
1226,131070,0,1
1227,0,826,0
1228,131070,0,1
1229,131070,0,1
1230,368,0,0
1231,131070,0,1
1232,131070,0,1
1233,131070,0,1
1234,0,832,0
1235,367,0,0
1236,131070,0,1
1237,131070,0,1
1238,131070,0,1
1239,367,0,0
1240,131070,0,1
1241,0,826,0
1242,131070,0,1
1243,131070,0,1
1244,367,0,0
1245,131070,0,1
1246,131070,0,1
1247,0,826,0
1248,131070,0,1
1249,367,0,0
1250,131070,0,1
1251,131070,0,1
1252,0,826,0
1253,131070,0,1
1254,370,0,0
1255,131070,0,1
1256,131070,0,1
1257,131070,0,1
1258,370,0,0
1259,131070,0,1
1260,0,826,0
1261,131070,0,1
1262,131070,0,1
1263,369,0,0
1264,131070,0,1
1265,0,826,0
1266,131070,0,1
1267,131070,0,1
1268,369,0,0
1269,131070,0,1
1270,131070,0,1
1271,131070,0,1
1272,0,832,0
1273,367,0,0
1274,131070,0,1
1275,131070,0,1
1276,131070,0,1
1277,366,0,0
1278,131070,0,1
1279,0,832,0
1280,131070,0,1
1281,131070,0,1
1282,366,0,0
1283,131070,0,1
1284,131070,0,1
1285,0,832,0
1286,131070,0,1
1287,366,0,0
1288,131070,0,1
1289,131070,0,1
1290,131070,0,1
1291,0,826,0
1292,366,0,0
1293,131070,0,1
1294,131070,0,1
1295,131070,0,1
1296,367,0,0
1297,131070,0,1
1298,0,826,0
1299,131070,0,1
1300,131070,0,1
1301,367,0,0
1302,131070,0,1
1303,0,832,0
1304,131070,0,1
1305,131070,0,1
1306,366,0,0
1307,131070,0,1
1308,131070,0,1
1309,0,832,0
1310,131070,0,1
1311,366,0,0
1312,131070,0,1
1313,131070,0,1
1314,131070,0,1
1315,366,0,0
1316,131070,0,1
1317,0,832,0
1318,131070,0,1
1319,131070,0,1
1320,367,0,0
1321,131070,0,1
1322,0,832,0
1323,131070,0,1
1324,131070,0,1
1325,367,0,0
1326,131070,0,1
1327,131070,0,1
1328,131070,0,1
1329,0,832,0
1330,370,0,0
1331,131070,0,1
1332,131070,0,1
1333,131070,0,1
1334,370,0,0
1335,131070,0,1
1336,0,832,0
1337,131070,0,1
1338,131070,0,1
1339,370,0,0
1340,131070,0,1
1341,131070,0,1
1342,0,832,0
1343,131070,0,1
1344,370,0,0
1345,131070,0,1
1346,131070,0,1
1347,0,826,0
1348,131070,0,1
1349,370,0,0
1350,131070,0,1
1351,131070,0,1
1352,131070,0,1
1353,370,0,0
1354,131070,0,1
1355,0,832,0
1356,131070,0,1
1357,131070,0,1
1358,371,0,0
1359,131070,0,1
1360,0,832,0
1361,131070,0,1
1362,131070,0,1
1363,368,0,0
1364,131070,0,1
1365,131070,0,1
1366,0,832,0
1367,131070,0,1
1368,368,0,0
1369,131070,0,1
1370,131070,0,1
1371,131070,0,1
1372,367,0,0
1373,131070,0,1
1374,0,826,0
1375,131070,0,1
1376,131070,0,1
1377,367,0,0
1378,131070,0,1
1379,0,826,0
1380,131070,0,1
1381,131070,0,1
1382,369,0,0
1383,131070,0,1
1384,131070,0,1
1385,131070,0,1
1386,0,826,0
1387,369,0,0
1388,131070,0,1
1389,131070,0,1
1390,131070,0,1
1391,368,0,0
1392,131070,0,1
1393,0,826,0
1394,131070,0,1
1395,131070,0,1
1396,368,0,0
1397,131070,0,1
1398,131070,0,1
1399,0,832,0
1400,131070,0,1
1401,369,0,0
1402,131070,0,1
1403,131070,0,1
1404,131070,0,1
1405,0,832,0
1406,371,0,0
1407,131070,0,1
1408,131070,0,1
1409,131070,0,1
1410,371,0,0
1411,131070,0,1
1412,0,826,0
1413,131070,0,1
1414,131070,0,1
1415,370,0,0
1416,131070,0,1
1417,131070,0,1
1418,0,826,0
1419,131070,0,1
1420,370,0,0
1421,131070,0,1
1422,131070,0,1
1423,131070,0,1
1424,0,832,0
1425,370,0,0
1426,131070,0,1
1427,131070,0,1
1428,131070,0,1
1429,370,0,0
1430,131070,0,1
1431,0,826,0
1432,131070,0,1
1433,131070,0,1
1434,372,0,0
1435,131070,0,1
1436,0,832,0
1437,131070,0,1
1438,131070,0,1
1439,372,0,0
1440,131070,0,1
1441,131070,0,1
1442,0,832,0
1443,131070,0,1
1444,372,0,0
1445,131070,0,1
1446,131070,0,1
1447,131070,0,1
1448,370,0,0
1449,131070,0,1
1450,0,826,0
1451,131070,0,1
1452,131070,0,1
1453,370,0,0
1454,131070,0,1
1455,131070,0,1
1456,0,826,0
1457,131070,0,1
1458,370,0,0
1459,131070,0,1
1460,131070,0,1
1461,131070,0,1
1462,0,826,0
1463,370,0,0
1464,131070,0,1
1465,131070,0,1
1466,131070,0,1
1467,368,0,0
1468,131070,0,1
1469,0,826,0
1470,131070,0,1
1471,131070,0,1
1472,368,0,0
1473,131070,0,1
1474,131070,0,1
1475,0,832,0
1476,131070,0,1
1477,367,0,0
1478,131070,0,1
1479,131070,0,1
1480,0,832,0
1481,131070,0,1
1482,367,0,0
1483,131070,0,1
1484,131070,0,1
1485,131070,0,1
1486,368,0,0
1487,131070,0,1
1488,0,832,0
1489,131070,0,1
1490,131070,0,1
1491,368,0,0
1492,131070,0,1
1493,0,832,0
1494,131070,0,1
1495,131070,0,1
1496,368,0,0
1497,131070,0,1
1498,131070,0,1
1499,0,832,0
1500,131070,0,1
1501,370,0,0
1502,131070,0,1
1503,131070,0,1
1504,131070,0,1
1505,370,0,0
1506,131070,0,1
1507,0,832,0
1508,131070,0,1
1509,131070,0,1
1510,371,0,0
1511,131070,0,1
1512,131070,0,1
1513,0,832,0
1514,131070,0,1
1515,371,0,0
1516,131070,0,1
1517,131070,0,1
1518,131070,0,1
1519,0,832,0
1520,369,0,0
1521,131070,0,1
1522,131070,0,1
1523,131070,0,1
1524,369,0,0
1525,131070,0,1
1526,0,832,0
1527,131070,0,1
1528,131070,0,1
1529,368,0,0
1530,131070,0,1
1531,0,832,0
1532,131070,0,1
1533,131070,0,1
1534,368,0,0
1535,131070,0,1
1536,131070,0,1
1537,131070,0,1
1538,0,832,0
1539,370,0,0
1540,131070,0,1
1541,131070,0,1
1542,131070,0,1
1543,371,0,0
1544,131070,0,1
1545,0,832,0
1546,131070,0,1
1547,131070,0,1
1548,371,0,0
1549,131070,0,1
1550,0,838,0
1551,131070,0,1
1552,131070,0,1
1553,372,0,0
1554,131070,0,1
1555,131070,0,1
1556,131070,0,1
1557,0,838,0
1558,372,0,0
1559,131070,0,1
1560,131070,0,1
1561,131070,0,1
1562,372,0,0
1563,131070,0,1
1564,0,838,0
1565,131070,0,1
1566,131070,0,1
1567,372,0,0
1568,131070,0,1
1569,131070,0,1
1570,0,838,0
1571,131070,0,1
1572,370,0,0
1573,131070,0,1
1574,131070,0,1
1575,131070,0,1
1576,0,838,0
1577,370,0,0
1578,131070,0,1
1579,131070,0,1
1580,131070,0,1
1581,370,0,0
1582,131070,0,1
1583,0,843,0
1584,131070,0,1
1585,131070,0,1
1586,370,0,0
1587,131070,0,1
1588,131070,0,1
1589,0,838,0
1590,131070,0,1
1591,370,0,0
1592,131070,0,1
1593,131070,0,1
1594,0,838,0
1595,131070,0,1
1596,369,0,0
1597,131070,0,1
1598,131070,0,1
1599,131070,0,1
1600,369,0,0
1601,131070,0,1
1602,0,843,0
1603,131070,0,1
1604,131070,0,1
1605,369,0,0
1606,131070,0,1
1607,0,843,0
1608,131070,0,1
1609,131070,0,1
1610,369,0,0
1611,131070,0,1
1612,131070,0,1
1613,0,843,0
1614,131070,0,1
1615,369,0,0
1616,131070,0,1
1617,131070,0,1
1618,131070,0,1
1619,369,0,0
1620,131070,0,1
1621,0,849,0
1622,131070,0,1
1623,131070,0,1
1624,368,0,0
1625,0,843,0
1626,131070,0,1
1627,131070,0,1
1628,131070,0,1
1629,367,0,0
1630,131070,0,1
1631,131070,0,1
1632,131070,0,1
1633,0,843,0
1634,367,0,0
1635,131070,0,1
1636,131070,0,1
1637,131070,0,1
1638,367,0,0
1639,131070,0,1
1640,0,843,0
1641,131070,0,1
1642,131070,0,1
1643,367,0,0
1644,131070,0,1
1645,0,843,0
1646,131070,0,1
1647,131070,0,1
1648,366,0,0
1649,131070,0,1
1650,131070,0,1
1651,131070,0,1
1652,0,843,0
1653,366,0,0
1654,131070,0,1
1655,131070,0,1
1656,131070,0,1
1657,367,0,0
1658,131070,0,1
1659,0,843,0
1660,131070,0,1
1661,131070,0,1
1662,367,0,0
1663,131070,0,1
1664,131070,0,1
1665,0,843,0
1666,131070,0,1
1667,369,0,0
1668,131070,0,1
1669,131070,0,1
1670,131070,0,1
1671,0,843,0
1672,368,0,0
1673,131070,0,1
1674,131070,0,1
1675,131070,0,1
1676,368,0,0
1677,131070,0,1
1678,0,843,0
1679,131070,0,1
1680,131070,0,1
1681,369,0,0
1682,131070,0,1
1683,131070,0,1
1684,0,843,0
1685,131070,0,1
1686,369,0,0
1687,131070,0,1
1688,131070,0,1
1689,0,843,0
1690,131070,0,1
1691,370,0,0
1692,131070,0,1
1693,131070,0,1
1694,131070,0,1
1695,370,0,0
1696,131070,0,1
1697,0,843,0
1698,131070,0,1
1699,131070,0,1
1700,372,0,0
1701,131070,0,1
1702,131070,0,1
1703,0,843,0
1704,131070,0,1
1705,372,0,0
1706,131070,0,1
1707,131070,0,1
1708,131070,0,1
1709,0,843,0
1710,373,0,0
1711,131070,0,1
1712,131070,0,1
1713,131070,0,1
1714,374,0,0
1715,131070,0,1
1716,0,843,0
1717,131070,0,1
1718,131070,0,1
1719,374,0,0
1720,131070,0,1
1721,0,843,0
1722,131070,0,1
1723,131070,0,1
1724,372,0,0
1725,131070,0,1
1726,131070,0,1
1727,131070,0,1
1728,0,843,0
1729,372,0,0
1730,131070,0,1
1731,131070,0,1
1732,131070,0,1
1733,372,0,0
1734,131070,0,1
1735,0,843,0
1736,131070,0,1
1737,131070,0,1
1738,372,0,0
1739,131070,0,1
1740,0,843,0
1741,131070,0,1
1742,131070,0,1
1743,373,0,0
1744,131070,0,1
1745,131070,0,1
1746,131070,0,1
1747,0,838,0
1748,373,0,0
1749,131070,0,1
1750,131070,0,1
1751,131070,0,1
1752,370,0,0
1753,131070,0,1
1754,0,843,0
1755,131070,0,1
1756,131070,0,1
1757,369,0,0
1758,131070,0,1
1759,0,843,0
1760,131070,0,1
1761,131070,0,1
1762,369,0,0
1763,131070,0,1
1764,131070,0,1
1765,131070,0,1
1766,0,843,0
1767,370,0,0
1768,131070,0,1
1769,131070,0,1
1770,131070,0,1
1771,370,0,0
1772,131070,0,1
1773,0,843,0
1774,131070,0,1
1775,131070,0,1
1776,370,0,0
1777,131070,0,1
1778,0,843,0
1779,131070,0,1
1780,131070,0,1
1781,370,0,0
1782,131070,0,1
1783,131070,0,1
1784,0,843,0
1785,131070,0,1
1786,370,0,0
1787,131070,0,1
1788,131070,0,1
1789,131070,0,1
1790,370,0,0
1791,131070,0,1
1792,0,843,0
1793,131070,0,1
1794,131070,0,1
1795,372,0,0
1796,131070,0,1
1797,131070,0,1
1798,0,843,0
1799,131070,0,1
1800,371,0,0
1801,131070,0,1
1802,131070,0,1
1803,0,843,0
1804,131070,0,1
1805,371,0,0
1806,131070,0,1
1807,131070,0,1
1808,131070,0,1
1809,371,0,0
1810,131070,0,1
1811,0,843,0
1812,131070,0,1
1813,131070,0,1
1814,371,0,0
1815,131070,0,1
1816,0,843,0
1817,131070,0,1
1818,131070,0,1
1819,371,0,0
1820,131070,0,1
1821,131070,0,1
1822,0,849,0
1823,131070,0,1
1824,371,0,0
1825,131070,0,1
1826,131070,0,1
1827,131070,0,1
1828,370,0,0
1829,131070,0,1
1830,0,843,0
1831,131070,0,1
1832,131070,0,1
1833,369,0,0
1834,131070,0,1
1835,131070,0,1
1836,0,843,0
1837,131070,0,1
1838,369,0,0
1839,131070,0,1
1840,131070,0,1
1841,0,849,0
1842,131070,0,1
1843,370,0,0
1844,131070,0,1
1845,131070,0,1
1846,131070,0,1
1847,370,0,0
1848,131070,0,1
1849,0,849,0
1850,131070,0,1
1851,131070,0,1
1852,370,0,0
1853,131070,0,1
1854,131070,0,1
1855,0,849,0
1856,131070,0,1
1857,370,0,0
1858,131070,0,1
1859,131070,0,1
1860,131070,0,1
1861,0,849,0
1862,372,0,0
1863,131070,0,1
1864,131070,0,1
1865,131070,0,1
1866,372,0,0
1867,131070,0,1
1868,0,855,0
1869,131070,0,1
1870,131070,0,1
1871,375,0,0
1872,131070,0,1
1873,131070,0,1
1874,0,855,0
1875,131070,0,1
1876,373,0,0
1877,131070,0,1
1878,131070,0,1
1879,0,855,0
1880,131070,0,1
1881,373,0,0
1882,131070,0,1
1883,131070,0,1
1884,131070,0,1
1885,372,0,0
1886,131070,0,1
1887,0,855,0
1888,131070,0,1
1889,131070,0,1
1890,372,0,0
1891,131070,0,1
1892,131070,0,1
1893,0,855,0
1894,131070,0,1
1895,374,0,0
1896,131070,0,1
1897,131070,0,1
1898,0,855,0
1899,131070,0,1
1900,374,0,0
1901,131070,0,1
1902,131070,0,1
1903,131070,0,1
1904,374,0,0
1905,131070,0,1
1906,0,855,0
1907,131070,0,1
1908,131070,0,1
1909,374,0,0
1910,131070,0,1
1911,131070,0,1
1912,0,855,0
1913,131070,0,1
1914,376,0,0
1915,131070,0,1
1916,131070,0,1
1917,131070,0,1
1918,0,855,0
1919,382,0,0
1920,131070,0,1
1921,131070,0,1
1922,131070,0,1
1923,382,0,0
1924,131070,0,1
1925,0,855,0
1926,131070,0,1
1927,131070,0,1
1928,385,0,0
1929,131070,0,1
1930,131070,0,1
1931,0,849,0
1932,131070,0,1
1933,385,0,0
1934,131070,0,1
1935,131070,0,1
1936,131070,0,1
1937,0,849,0
1938,391,0,0
1939,131070,0,1
1940,131070,0,1
1941,131070,0,1
1942,400,0,0
1943,131070,0,1
1944,0,849,0
1945,131070,0,1
1946,131070,0,1
1947,400,0,0
1948,131070,0,1
1949,131070,0,1
1950,0,855,0
1951,131070,0,1
1952,407,0,0
1953,131070,0,1
1954,131070,0,1
1955,0,855,0
1956,131070,0,1
1957,407,0,0
1958,131070,0,1
1959,131070,0,1
1960,131070,0,1
1961,422,0,0
1962,131070,0,1
1963,0,860,0
1964,131070,0,1
1965,131070,0,1
1966,440,0,0
1967,131070,0,1
1968,131070,0,1
1969,0,860,0
1970,131070,0,1
1971,440,0,0
1972,131070,0,1
1973,131070,0,1
1974,0,866,0
1975,131070,0,1
1976,458,0,0
1977,131070,0,1
1978,131070,0,1
1979,131070,0,1
1980,482,0,0
1981,131070,0,1
1982,0,866,0
1983,131070,0,1
1984,131070,0,1
1985,507,0,0
1986,131070,0,1
1987,131070,0,1
1988,0,866,0
1989,131070,0,1
1990,507,0,0
1991,131070,0,1
1992,131070,0,1
1993,0,866,0
1994,131070,0,1
1995,530,0,0
1996,131070,0,1
1997,131070,0,1
1998,131070,0,1
1999,554,0,0
2000,131070,0,1
2001,0,871,0
2002,131070,0,1
2003,131070,0,1
2004,576,0,0
2005,131070,0,1
2006,131070,0,1
2007,0,877,0
2008,131070,0,1
2009,594,0,0
2010,131070,0,1
2011,131070,0,1
2012,131070,0,1
2013,0,883,0
2014,611,0,0
2015,131070,0,1
2016,131070,0,1
2017,131070,0,1
2018,627,0,0
2019,131070,0,1
2020,0,888,0
2021,131070,0,1
2022,131070,0,1
2023,642,0,0
2024,131070,0,1
2025,0,894,0
2026,131070,0,1
2027,131070,0,1
2028,658,0,0
2029,131070,0,1
2030,131070,0,1
2031,131070,0,1
2032,0,894,0
2033,675,0,0
2034,131070,0,1
2035,131070,0,1
2036,131070,0,1
2037,684,0,0
2038,131070,0,1
2039,0,900,0
2040,131070,0,1
2041,131070,0,1
2042,695,0,0
2043,131070,0,1
2044,0,911,0
2045,131070,0,1
2046,131070,0,1
2047,710,0,0
2048,131070,0,1
2049,131070,0,1
2050,131070,0,1
2051,0,922,0
2052,715,0,0
2053,131070,0,1
2054,131070,0,1
2055,131070,0,1
2056,723,0,0
2057,131070,0,1
2058,0,928,0
2059,131070,0,1
2060,131070,0,1
2061,733,0,0
2062,131070,0,1
2063,131070,0,1
2064,0,939,0
2065,131070,0,1
2066,737,0,0
2067,131070,0,1
2068,131070,0,1
2069,0,939,0
2070,131070,0,1
2071,742,0,0
2072,131070,0,1
2073,131070,0,1
2074,131070,0,1
2075,755,0,0
2076,131070,0,1
2077,0,950,0
2078,131070,0,1
2079,131070,0,1
2080,757,0,0
2081,131070,0,1
2082,131070,0,1
2083,0,961,0
2084,131070,0,1
2085,762,0,0
2086,131070,0,1
2087,131070,0,1
2088,0,973,0
2089,131070,0,1
2090,765,0,0
2091,131070,0,1
2092,131070,0,1
2093,131070,0,1
2094,767,0,0
2095,131070,0,1
2096,0,978,0
2097,131070,0,1
2098,131070,0,1
2099,775,0,0
2100,131070,0,1
2101,0,990,0
2102,131070,0,1
2103,131070,0,1
2104,779,0,0
2105,131070,0,1
2106,131070,0,1
2107,131070,0,1
2108,0,995,0
2109,784,0,0
2110,131070,0,1
2111,131070,0,1
2112,131070,0,1
2113,785,0,0
2114,131070,0,1
2115,0,1006,0
2116,131070,0,1
2117,131070,0,1
2118,787,0,0
2119,131070,0,1
2120,0,1018,0
2121,131070,0,1
2122,131070,0,1
2123,794,0,0
2124,131070,0,1
2125,131070,0,1
2126,0,1029,0
2127,131070,0,1
2128,791,0,0
2129,131070,0,1
2130,131070,0,1
2131,131070,0,1
2132,797,0,0
2133,131070,0,1
2134,0,1040,0
2135,131070,0,1
2136,131070,0,1
2137,798,0,0
2138,131070,0,1
2139,131070,0,1
2140,0,1051,0
2141,131070,0,1
2142,799,0,0
2143,131070,0,1
2144,131070,0,1
2145,0,1057,0
2146,131070,0,1
2147,803,0,0
2148,131070,0,1
2149,131070,0,1
2150,131070,0,1
2151,803,0,0
2152,131070,0,1
2153,0,1068,0
2154,131070,0,1
2155,131070,0,1
2156,803,0,0
2157,131070,0,1
2158,131070,0,1
2159,0,1080,0
2160,131070,0,1
2161,798,0,0
2162,131070,0,1
2163,131070,0,1
2164,0,1091,0
2165,131070,0,1
2166,796,0,0
2167,131070,0,1
2168,131070,0,1
2169,131070,0,1
2170,800,0,0
2171,131070,0,1
2172,0,1096,0
2173,131070,0,1
2174,131070,0,1
2175,799,0,0
2176,131070,0,1
2177,0,1102,0
2178,131070,0,1
2179,131070,0,1
2180,799,0,0
2181,131070,0,1
2182,131070,0,1
2183,131070,0,1
2184,0,1119,0
2185,798,0,0
2186,131070,0,1
2187,131070,0,1
2188,131070,0,1
2189,797,0,0
2190,131070,0,1
2191,0,1130,0
2192,131070,0,1
2193,131070,0,1
2194,803,0,0
2195,131070,0,1
2196,0,1136,0
2197,131070,0,1
2198,131070,0,1
2199,800,0,0
2200,131070,0,1
2201,131070,0,1
2202,131070,0,1
2203,0,1153,0
2204,801,0,0
2205,131070,0,1
2206,131070,0,1
2207,131070,0,1
2208,801,0,0
2209,131070,0,1
2210,0,1158,0
2211,131070,0,1
2212,131070,0,1
2213,801,0,0
2214,131070,0,1
2215,131070,0,1
2216,0,1164,0
2217,131070,0,1
2218,806,0,0
2219,131070,0,1
2220,131070,0,1
2221,0,1175,0
2222,131070,0,1
2223,803,0,0
2224,131070,0,1
2225,131070,0,1
2226,131070,0,1
2227,807,0,0
2228,131070,0,1
2229,0,1186,0
2230,131070,0,1
2231,131070,0,1
2232,808,0,0
2233,131070,0,1
2234,131070,0,1
2235,0,1192,0
2236,131070,0,1
2237,808,0,0
2238,131070,0,1
2239,131070,0,1
2240,0,1203,0
2241,131070,0,1
2242,813,0,0
2243,131070,0,1
2244,131070,0,1
2245,131070,0,1
2246,809,0,0
2247,131070,0,1
2248,0,1209,0
2249,131070,0,1
2250,131070,0,1
2251,810,0,0
2252,131070,0,1
2253,0,1215,0
2254,131070,0,1
2255,131070,0,1
2256,811,0,0
2257,131070,0,1
2258,131070,0,1
2259,131070,0,1
2260,0,1226,0
2261,810,0,0
2262,131070,0,1
2263,131070,0,1
2264,131070,0,1
2265,816,0,0
2266,131070,0,1
2267,0,1243,0
2268,131070,0,1
2269,131070,0,1
2270,810,0,0
2271,131070,0,1
2272,131070,0,1
2273,0,1254,0
2274,131070,0,1
2275,810,0,0
2276,131070,0,1
2277,131070,0,1
2278,131070,0,1
2279,0,1265,0
2280,805,0,0
2281,131070,0,1
2282,131070,0,1
2283,131070,0,1
2284,803,0,0
2285,131070,0,1
2286,0,1265,0
2287,131070,0,1
2288,131070,0,1
2289,806,0,0
2290,131070,0,1
2291,131070,0,1
2292,0,1265,0
2293,131070,0,1
2294,801,0,0
2295,131070,0,1
2296,131070,0,1
2297,0,1282,0
2298,131070,0,1
2299,803,0,0
2300,131070,0,1
2301,131070,0,1
2302,131070,0,1
2303,796,0,0
2304,131070,0,1
2305,0,1293,0
2306,131070,0,1
2307,131070,0,1
2308,794,0,0
2309,131070,0,1
2310,0,1299,0
2311,131070,0,1
2312,131070,0,1
2313,797,0,0
2314,131070,0,1
2315,131070,0,1
2316,131070,0,1
2317,0,1310,0
2318,792,0,0
2319,131070,0,1
2320,131070,0,1
2321,131070,0,1
2322,795,0,0
2323,131070,0,1
2324,0,1321,0
2325,131070,0,1
2326,131070,0,1
2327,793,0,0
2328,131070,0,1
2329,131070,0,1
2330,0,1333,0
2331,131070,0,1
2332,792,0,0
2333,131070,0,1
2334,131070,0,1
2335,0,1338,0
2336,131070,0,1
2337,797,0,0
2338,131070,0,1
2339,131070,0,1
2340,131070,0,1
2341,793,0,0
2342,131070,0,1
2343,0,1350,0
2344,131070,0,1
2345,131070,0,1
2346,797,0,0
2347,131070,0,1
2348,131070,0,1
2349,0,1361,0
2350,131070,0,1
2351,798,0,0
2352,131070,0,1
2353,131070,0,1
2354,0,1372,0
2355,131070,0,1
2356,798,0,0
2357,131070,0,1
2358,131070,0,1
2359,131070,0,1
2360,801,0,0
2361,131070,0,1
2362,0,1378,0
2363,131070,0,1
2364,131070,0,1
2365,799,0,0
2366,131070,0,1
2367,131070,0,1
2368,0,1389,0
2369,131070,0,1
2370,802,0,0
2371,131070,0,1
2372,131070,0,1
2373,0,1400,0
2374,131070,0,1
2375,800,0,0
2376,131070,0,1
2377,131070,0,1
2378,131070,0,1
2379,800,0,0
2380,131070,0,1
2381,0,1411,0
2382,131070,0,1
2383,131070,0,1
2384,804,0,0
2385,131070,0,1
2386,0,1411,0
2387,131070,0,1
2388,131070,0,1
2389,804,0,0
2390,131070,0,1
2391,131070,0,1
2392,0,1428,0
2393,131070,0,1
2394,807,0,0
2395,131070,0,1
2396,131070,0,1
2397,131070,0,1
2398,805,0,0
2399,131070,0,1
2400,0,1434,0
2401,131070,0,1
2402,131070,0,1
2403,806,0,0
2404,131070,0,1
2405,0,1440,0
2406,131070,0,1
2407,131070,0,1
2408,810,0,0
2409,131070,0,1
2410,131070,0,1
2411,131070,0,1
2412,0,1451,0
2413,808,0,0
2414,131070,0,1
2415,131070,0,1
2416,131070,0,1
2417,809,0,0
2418,131070,0,1
2419,0,1456,0
2420,131070,0,1
2421,131070,0,1
2422,806,0,0
2423,131070,0,1
2424,131070,0,1
2425,0,1468,0
2426,131070,0,1
2427,807,0,0
2428,131070,0,1
2429,131070,0,1
2430,0,1473,0
2431,131070,0,1
2432,811,0,0
2433,131070,0,1
2434,131070,0,1
2435,131070,0,1
2436,806,0,0
2437,131070,0,1
2438,0,1485,0
2439,131070,0,1
2440,131070,0,1
2441,810,0,0
2442,131070,0,1
2443,0,1496,0
2444,131070,0,1
2445,131070,0,1
2446,808,0,0
2447,131070,0,1
2448,131070,0,1
2449,0,1501,0
2450,131070,0,1
2451,808,0,0
2452,131070,0,1
2453,131070,0,1
2454,131070,0,1
2455,807,0,0
2456,131070,0,1
2457,0,1513,0
2458,131070,0,1
2459,131070,0,1
2460,806,0,0
2461,131070,0,1
2462,0,1524,0
2463,131070,0,1
2464,131070,0,1
2465,808,0,0
2466,131070,0,1
2467,131070,0,1
2468,131070,0,1
2469,0,1524,0
2470,802,0,0
2471,131070,0,1
2472,131070,0,1
2473,131070,0,1
2474,802,0,0
2475,0,1535,0
2476,131070,0,1
2477,131070,0,1
2478,131070,0,1
2479,802,0,0
2480,131070,0,1
2481,0,1546,0
2482,131070,0,1
2483,799,0,0
2484,131070,0,1
2485,131070,0,1
2486,131070,0,1
2487,131070,0,1
2488,0,1546,0
2489,799,0,0
2490,131070,0,1
2491,131070,0,1
2492,131070,0,1
2493,794,0,0
2494,131070,0,1
2495,0,1558,0
2496,131070,0,1
2497,131070,0,1
2498,792,0,0
2499,131070,0,1
2500,0,1569,0
2501,131070,0,1
2502,131070,0,1
2503,785,0,0
2504,131070,0,1
2505,131070,0,1
2506,131070,0,1
2507,0,1580,0
2508,781,0,0
2509,131070,0,1
2510,131070,0,1
2511,131070,0,1
2512,782,0,0
2513,131070,0,1
2514,0,1591,0
2515,131070,0,1
2516,131070,0,1
2517,775,0,0
2518,131070,0,1
2519,131070,0,1
2520,0,1597,0
2521,131070,0,1
2522,768,0,0
2523,131070,0,1
2524,131070,0,1
2525,0,1603,0
2526,131070,0,1
2527,767,0,0
2528,131070,0,1
2529,131070,0,1
2530,131070,0,1
2531,760,0,0
2532,131070,0,1
2533,0,1608,0
2534,131070,0,1
2535,131070,0,1
2536,754,0,0
2537,131070,0,1
2538,0,1614,0
2539,131070,0,1
2540,131070,0,1
2541,747,0,0
2542,131070,0,1
2543,131070,0,1
2544,131070,0,1
2545,0,1625,0
2546,744,0,0
2547,131070,0,1
2548,131070,0,1
2549,131070,0,1
2550,745,0,0
2551,131070,0,1
2552,0,1631,0
2553,131070,0,1
2554,131070,0,1
2555,741,0,0
2556,131070,0,1
2557,131070,0,1
2558,0,1636,0
2559,131070,0,1
2560,737,0,0
2561,131070,0,1
2562,131070,0,1
2563,0,1642,0
2564,131070,0,1
2565,736,0,0
2566,131070,0,1
2567,131070,0,1
2568,131070,0,1
2569,730,0,0
2570,131070,0,1
2571,0,1642,0
2572,131070,0,1
2573,131070,0,1
2574,727,0,0
2575,131070,0,1
2576,0,1648,0
2577,131070,0,1
2578,131070,0,1
2579,726,0,0
2580,131070,0,1
2581,131070,0,1
2582,0,1648,0
2583,131070,0,1
2584,724,0,0
2585,131070,0,1
2586,131070,0,1
2587,131070,0,1
2588,727,0,0
2589,131070,0,1
2590,0,1659,0
2591,131070,0,1
2592,131070,0,1
2593,722,0,0
2594,131070,0,1
2595,0,1665,0
2596,131070,0,1
2597,131070,0,1
2598,716,0,0
2599,131070,0,1
2600,131070,0,1
2601,131070,0,1
2602,0,1676,0
2603,714,0,0
2604,131070,0,1
2605,131070,0,1
2606,131070,0,1
2607,710,0,0
2608,131070,0,1
2609,0,1676,0
2610,131070,0,1
2611,131070,0,1
2612,709,0,0
2613,131070,0,1
2614,131070,0,1
2615,0,1676,0
2616,131070,0,1
2617,710,0,0
2618,131070,0,1
2619,131070,0,1
2620,0,1676,0
2621,131070,0,1
2622,706,0,0
2623,131070,0,1
2624,131070,0,1
2625,131070,0,1
2626,701,0,0
2627,131070,0,1
2628,0,1687,0
2629,131070,0,1
2630,131070,0,1
2631,700,0,0
2632,131070,0,1
2633,131070,0,1
2634,0,1693,0
2635,131070,0,1
2636,695,0,0
2637,131070,0,1
2638,131070,0,1
2639,0,1693,0
2640,131070,0,1
2641,691,0,0
2642,131070,0,1
2643,131070,0,1
2644,131070,0,1
2645,685,0,0
2646,131070,0,1
2647,0,1698,0
2648,131070,0,1
2649,131070,0,1
2650,678,0,0
2651,131070,0,1
2652,0,1698,0
2653,131070,0,1
2654,131070,0,1
2655,671,0,0
2656,131070,0,1
2657,131070,0,1
2658,131070,0,1
2659,0,1710,0
2660,665,0,0
2661,131070,0,1
2662,131070,0,1
2663,131070,0,1
2664,657,0,0
2665,131070,0,1
2666,0,1710,0
2667,131070,0,1
2668,131070,0,1
2669,650,0,0
2670,131070,0,1
2671,0,1715,0
2672,131070,0,1
2673,131070,0,1
2674,643,0,0
2675,131070,0,1
2676,131070,0,1
2677,0,1721,0
2678,131070,0,1
2679,636,0,0
2680,131070,0,1
2681,131070,0,1
2682,131070,0,1
2683,635,0,0
2684,131070,0,1
2685,0,1721,0
2686,131070,0,1
2687,131070,0,1
2688,636,0,0
2689,131070,0,1
2690,0,1715,0
2691,131070,0,1
2692,131070,0,1
2693,631,0,0
2694,131070,0,1
2695,131070,0,1
2696,131070,0,1
2697,0,1721,0
2698,630,0,0
2699,131070,0,1
2700,131070,0,1
2701,131070,0,1
2702,633,0,0
2703,131070,0,1
2704,0,1721,0
2705,131070,0,1
2706,131070,0,1
2707,630,0,0
2708,131070,0,1
2709,131070,0,1
2710,0,1721,0
2711,131070,0,1
2712,630,0,0
2713,131070,0,1
2714,131070,0,1
2715,0,1721,0
2716,131070,0,1
2717,633,0,0
2718,131070,0,1
2719,131070,0,1
2720,131070,0,1
2721,632,0,0
2722,131070,0,1
2723,0,1721,0
2724,131070,0,1
2725,131070,0,1
2726,633,0,0
2727,131070,0,1
2728,0,1721,0
2729,131070,0,1
2730,131070,0,1
2731,635,0,0
2732,131070,0,1
2733,131070,0,1
2734,131070,0,1
2735,0,1721,0
2736,633,0,0
2737,131070,0,1
2738,131070,0,1
2739,131070,0,1
2740,631,0,0
2741,131070,0,1
2742,0,1721,0
2743,131070,0,1
2744,131070,0,1
2745,633,0,0
2746,131070,0,1
2747,0,1726,0
2748,131070,0,1
2749,131070,0,1
2750,633,0,0
2751,131070,0,1
2752,131070,0,1
2753,0,1726,0
2754,131070,0,1
2755,631,0,0
2756,131070,0,1
2757,131070,0,1
2758,131070,0,1
2759,629,0,0
2760,131070,0,1
2761,0,1726,0
2762,131070,0,1
2763,131070,0,1
2764,630,0,0
2765,131070,0,1
2766,0,1726,0
2767,131070,0,1
2768,131070,0,1
2769,628,0,0
2770,131070,0,1
2771,131070,0,1
2772,131070,0,1
2773,0,1726,0
2774,626,0,0
2775,131070,0,1
2776,131070,0,1
2777,131070,0,1
2778,626,0,0
2779,131070,0,1
2780,0,1726,0
2781,131070,0,1
2782,131070,0,1
2783,623,0,0
2784,131070,0,1
2785,0,1726,0
2786,131070,0,1
2787,131070,0,1
2788,621,0,0
2789,131070,0,1
2790,131070,0,1
2791,0,1726,0
2792,131070,0,1
2793,622,0,0
2794,131070,0,1
2795,131070,0,1
2796,131070,0,1
2797,619,0,0
2798,131070,0,1
2799,0,1732,0
2800,131070,0,1
2801,131070,0,1
2802,618,0,0
2803,131070,0,1
2804,0,1732,0
2805,131070,0,1
2806,131070,0,1
2807,618,0,0
2808,131070,0,1
2809,131070,0,1
2810,131070,0,1
2811,0,1732,0
2812,615,0,0
2813,131070,0,1
2814,131070,0,1
2815,131070,0,1
2816,609,0,0
2817,131070,0,1
2818,0,1738,0
2819,131070,0,1
2820,131070,0,1
2821,609,0,0
2822,131070,0,1
2823,0,1732,0
2824,131070,0,1
2825,131070,0,1
2826,606,0,0
2827,131070,0,1
2828,131070,0,1
2829,0,1732,0
2830,131070,0,1
2831,603,0,0
2832,131070,0,1
2833,131070,0,1
2834,131070,0,1
2835,601,0,0
2836,131070,0,1
2837,0,1726,0
2838,131070,0,1
2839,131070,0,1
2840,602,0,0
2841,131070,0,1
2842,0,1726,0
2843,131070,0,1
2844,131070,0,1
2845,600,0,0
2846,131070,0,1
2847,131070,0,1
2848,0,1726,0
2849,131070,0,1
2850,599,0,0
2851,131070,0,1
2852,131070,0,1
2853,131070,0,1
2854,601,0,0
2855,131070,0,1
2856,0,1721,0
2857,131070,0,1
2858,131070,0,1
2859,599,0,0
2860,131070,0,1
2861,131070,0,1
2862,0,1721,0
2863,131070,0,1
2864,599,0,0
2865,131070,0,1
2866,131070,0,1
2867,131070,0,1
2868,0,1721,0
2869,599,0,0
2870,131070,0,1
2871,131070,0,1
2872,131070,0,1
2873,602,0,0
2874,131070,0,1
2875,0,1715,0
2876,131070,0,1
2877,131070,0,1
2878,601,0,0
2879,131070,0,1
2880,0,1715,0
2881,131070,0,1
2882,131070,0,1
2883,602,0,0
2884,131070,0,1
2885,131070,0,1
2886,0,1715,0
2887,131070,0,1
2888,606,0,0
2889,131070,0,1
2890,131070,0,1
2891,131070,0,1
2892,606,0,0
2893,131070,0,1
2894,0,1715,0
2895,131070,0,1
2896,131070,0,1
2897,609,0,0
2898,131070,0,1
2899,0,1715,0
2900,131070,0,1
2901,131070,0,1
2902,616,0,0
2903,131070,0,1
2904,131070,0,1
2905,0,1715,0
2906,131070,0,1
2907,620,0,0
2908,131070,0,1
2909,131070,0,1
2910,131070,0,1
2911,624,0,0
2912,131070,0,1
2913,0,1715,0
2914,131070,0,1
2915,131070,0,1
2916,629,0,0
2917,131070,0,1
2918,0,1715,0
2919,131070,0,1
2920,131070,0,1
2921,632,0,0
2922,131070,0,1
2923,131070,0,1
2924,131070,0,1
2925,0,1715,0
2926,632,0,0
2927,131070,0,1
2928,131070,0,1
2929,131070,0,1
2930,637,0,0
2931,131070,0,1
2932,0,1721,0
2933,131070,0,1
2934,131070,0,1
2935,637,0,0
2936,131070,0,1
2937,0,1726,0
2938,131070,0,1
2939,131070,0,1
2940,638,0,0
2941,131070,0,1
2942,131070,0,1
2943,0,1726,0
2944,131070,0,1
2945,639,0,0
2946,131070,0,1
2947,131070,0,1
2948,131070,0,1
2949,640,0,0
2950,131070,0,1
2951,0,1726,0
2952,131070,0,1
2953,131070,0,1
2954,638,0,0
2955,131070,0,1
2956,0,1726,0
2957,131070,0,1
2958,131070,0,1
2959,638,0,0
2960,131070,0,1
2961,131070,0,1
2962,0,1721,0
2963,131070,0,1
2964,641,0,0
2965,131070,0,1
2966,131070,0,1
2967,131070,0,1
2968,638,0,0
2969,131070,0,1
2970,0,1726,0
2971,131070,0,1
2972,131070,0,1
2973,637,0,0
2974,131070,0,1
2975,0,1726,0
2976,131070,0,1
2977,131070,0,1
2978,634,0,0
2979,131070,0,1
2980,131070,0,1
2981,131070,0,1
2982,0,1726,0
2983,629,0,0
2984,131070,0,1
2985,131070,0,1
2986,131070,0,1
2987,627,0,0
2988,131070,0,1
2989,0,1721,0
2990,131070,0,1
2991,131070,0,1
2992,626,0,0
2993,131070,0,1
2994,0,1715,0
2995,131070,0,1
2996,131070,0,1
2997,623,0,0
2998,131070,0,1
2999,131070,0,1
3000,0,1721,0
3001,131070,0,1
3002,619,0,0
3003,131070,0,1
3004,131070,0,1
3005,131070,0,1
3006,618,0,0
3007,131070,0,1
3008,0,1721,0
3009,131070,0,1
3010,131070,0,1
3011,613,0,0
3012,131070,0,1
3013,131070,0,1
3014,0,1721,0
3015,131070,0,1
3016,611,0,0
3017,131070,0,1
3018,131070,0,1
3019,0,1715,0
3020,131070,0,1
3021,611,0,0
3022,131070,0,1
3023,131070,0,1
3024,131070,0,1
3025,612,0,0
3026,131070,0,1
3027,0,1721,0
3028,131070,0,1
3029,131070,0,1
3030,610,0,0
3031,131070,0,1
3032,0,1721,0
3033,131070,0,1
3034,131070,0,1
3035,608,0,0
3036,131070,0,1
3037,131070,0,1
3038,0,1721,0
3039,131070,0,1
3040,610,0,0
3041,131070,0,1
3042,131070,0,1
3043,131070,0,1
3044,608,0,0
3045,131070,0,1
3046,0,1715,0
3047,131070,0,1
3048,131070,0,1
3049,606,0,0
3050,131070,0,1
3051,0,1715,0
3052,131070,0,1
3053,131070,0,1
3054,607,0,0
3055,131070,0,1
3056,131070,0,1
3057,0,1715,0
3058,131070,0,1
3059,605,0,0
3060,131070,0,1
3061,131070,0,1
3062,131070,0,1
3063,604,0,0
3064,131070,0,1
3065,0,1715,0
3066,131070,0,1
3067,131070,0,1
3068,604,0,0
3069,131070,0,1
3070,0,1715,0
3071,131070,0,1
3072,131070,0,1
3073,604,0,0
3074,131070,0,1
3075,131070,0,1
3076,0,1721,0
3077,131070,0,1
3078,600,0,0
3079,131070,0,1
3080,131070,0,1
3081,131070,0,1
3082,599,0,0
3083,131070,0,1
3084,0,1721,0
3085,131070,0,1
3086,131070,0,1
3087,600,0,0
3088,131070,0,1
3089,131070,0,1
3090,0,1715,0
3091,131070,0,1
3092,597,0,0
3093,131070,0,1
3094,131070,0,1
3095,0,1715,0
3096,131070,0,1
3097,595,0,0
3098,131070,0,1
3099,131070,0,1
3100,131070,0,1
3101,597,0,0
3102,131070,0,1
3103,0,1715,0
3104,131070,0,1
3105,131070,0,1
3106,594,0,0
3107,131070,0,1
3108,0,1715,0
3109,131070,0,1
3110,131070,0,1
3111,591,0,0
3112,131070,0,1
3113,131070,0,1
3114,0,1715,0
3115,131070,0,1
3116,593,0,0
3117,131070,0,1
3118,131070,0,1
3119,131070,0,1
3120,593,0,0
3121,131070,0,1
3122,0,1710,0
3123,131070,0,1
3124,131070,0,1
3125,590,0,0
3126,131070,0,1
3127,0,1710,0
3128,131070,0,1
3129,131070,0,1
3130,589,0,0
3131,131070,0,1
3132,131070,0,1
3133,0,1710,0
3134,131070,0,1
3135,590,0,0
3136,131070,0,1
3137,131070,0,1
3138,131070,0,1
3139,585,0,0
3140,131070,0,1
3141,0,1704,0
3142,131070,0,1
3143,131070,0,1
3144,582,0,0
3145,131070,0,1
3146,0,1704,0
3147,131070,0,1
3148,131070,0,1
3149,582,0,0
3150,131070,0,1
3151,131070,0,1
3152,0,1704,0
3153,131070,0,1
3154,578,0,0
3155,131070,0,1
3156,131070,0,1
3157,131070,0,1
3158,578,0,0
3159,131070,0,1
3160,0,1698,0
3161,131070,0,1
3162,131070,0,1
3163,577,0,0
3164,131070,0,1
3165,131070,0,1
3166,0,1693,0
3167,131070,0,1
3168,578,0,0
3169,131070,0,1
3170,131070,0,1
3171,0,1698,0
3172,131070,0,1
3173,574,0,0
3174,131070,0,1
3175,131070,0,1
3176,131070,0,1
3177,573,0,0
3178,131070,0,1
3179,0,1698,0
3180,131070,0,1
3181,131070,0,1
3182,574,0,0
3183,131070,0,1
3184,0,1693,0
3185,131070,0,1
3186,131070,0,1
3187,572,0,0
3188,131070,0,1
3189,131070,0,1
3190,0,1687,0
3191,131070,0,1
3192,572,0,0
3193,131070,0,1
3194,131070,0,1
3195,131070,0,1
3196,570,0,0
3197,131070,0,1
3198,0,1693,0
3199,131070,0,1
3200,131070,0,1
3201,571,0,0
3202,131070,0,1
3203,0,1687,0
3204,131070,0,1
3205,131070,0,1
3206,568,0,0
3207,131070,0,1
3208,131070,0,1
3209,131070,0,1
3210,0,1687,0
3211,567,0,0
3212,131070,0,1
3213,131070,0,1
3214,131070,0,1
3215,569,0,0
3216,131070,0,1
3217,0,1687,0
3218,131070,0,1
3219,131070,0,1
3220,566,0,0
3221,131070,0,1
3222,0,1693,0
3223,131070,0,1
3224,131070,0,1
3225,566,0,0
3226,131070,0,1
3227,131070,0,1
3228,131070,0,1
3229,0,1687,0
3230,564,0,0
3231,131070,0,1
3232,131070,0,1
3233,131070,0,1
3234,565,0,0
3235,131070,0,1
3236,0,1693,0
3237,131070,0,1
3238,131070,0,1
3239,563,0,0
3240,131070,0,1
3241,0,1687,0
3242,131070,0,1
3243,131070,0,1
3244,561,0,0
3245,131070,0,1
3246,131070,0,1
3247,0,1687,0
3248,131070,0,1
3249,563,0,0
3250,131070,0,1
3251,131070,0,1
3252,131070,0,1
3253,563,0,0
3254,131070,0,1
3255,0,1687,0
3256,131070,0,1
3257,131070,0,1
3258,131070,0,1
3259,131070,0,1
3260,0,1681,0
3261,131070,0,1
3262,559,0,0
3263,131070,0,1
3264,131070,0,1
3265,0,1681,0
3266,131070,0,1
3267,560,0,0
3268,131070,0,1
3269,131070,0,1
3270,131070,0,1
3271,558,0,0
3272,131070,0,1
3273,0,1676,0
3274,131070,0,1
3275,131070,0,1
3276,557,0,0
3277,131070,0,1
3278,0,1681,0
3279,131070,0,1
3280,131070,0,1
3281,557,0,0
3282,131070,0,1
3283,131070,0,1
3284,0,1676,0
3285,131070,0,1
3286,559,0,0
3287,131070,0,1
3288,131070,0,1
3289,131070,0,1
3290,557,0,0
3291,131070,0,1
3292,0,1670,0
3293,131070,0,1
3294,131070,0,1
3295,556,0,0
3296,131070,0,1
3297,131070,0,1
3298,0,1670,0
3299,131070,0,1
3300,557,0,0
3301,131070,0,1
3302,131070,0,1
3303,0,1670,0
3304,131070,0,1
3305,555,0,0
3306,131070,0,1
3307,131070,0,1
3308,131070,0,1
3309,555,0,0
3310,131070,0,1
3311,0,1665,0
3312,131070,0,1
3313,131070,0,1
3314,554,0,0
3315,131070,0,1
3316,0,1670,0
3317,131070,0,1
3318,131070,0,1
3319,556,0,0
3320,131070,0,1
3321,131070,0,1
3322,131070,0,1
3323,0,1670,0
3324,554,0,0
3325,131070,0,1
3326,131070,0,1
3327,131070,0,1
3328,554,0,0
3329,131070,0,1
3330,0,1659,0
3331,131070,0,1
3332,131070,0,1
3333,555,0,0
3334,131070,0,1
3335,0,1659,0
3336,131070,0,1
3337,131070,0,1
3338,555,0,0
3339,131070,0,1
3340,131070,0,1
3341,131070,0,1
3342,0,1659,0
3343,553,0,0
3344,131070,0,1
3345,131070,0,1
3346,131070,0,1
3347,551,0,0
3348,131070,0,1
3349,0,1653,0
3350,131070,0,1
3351,131070,0,1
3352,553,0,0
3353,131070,0,1
3354,0,1653,0
3355,131070,0,1
3356,131070,0,1
3357,552,0,0
3358,131070,0,1
3359,131070,0,1
3360,0,1653,0
3361,131070,0,1
3362,550,0,0
3363,131070,0,1
3364,131070,0,1
3365,131070,0,1
3366,550,0,0
3367,131070,0,1
3368,0,1653,0
3369,131070,0,1
3370,131070,0,1
3371,552,0,0
3372,131070,0,1
3373,0,1648,0
3374,131070,0,1
3375,131070,0,1
3376,551,0,0
3377,131070,0,1
3378,131070,0,1
3379,0,1648,0
3380,131070,0,1
3381,551,0,0
3382,131070,0,1
3383,131070,0,1
3384,131070,0,1
3385,551,0,0
3386,131070,0,1
3387,0,1648,0
3388,131070,0,1
3389,131070,0,1
3390,549,0,0
3391,131070,0,1
3392,0,1648,0
3393,131070,0,1
3394,131070,0,1
3395,549,0,0
3396,131070,0,1
3397,131070,0,1
3398,0,1642,0
3399,131070,0,1
3400,548,0,0
3401,131070,0,1
3402,131070,0,1
3403,131070,0,1
3404,549,0,0
3405,131070,0,1
3406,0,1642,0
3407,131070,0,1
3408,131070,0,1
3409,546,0,0
3410,131070,0,1
3411,0,1642,0
3412,131070,0,1
3413,545,0,0
3414,131070,0,1
3415,131070,0,1
3416,131070,0,1
3417,0,1642,0
3418,131070,0,1
3419,547,0,0
3420,131070,0,1
3421,131070,0,1
3422,131070,0,1
3423,547,0,0
3424,131070,0,1
3425,0,1636,0
3426,131070,0,1
3427,131070,0,1
3428,544,0,0
3429,131070,0,1
3430,0,1636,0
3431,131070,0,1
3432,131070,0,1
3433,543,0,0
3434,131070,0,1
3435,131070,0,1
3436,131070,0,1
3437,0,1631,0
3438,544,0,0
3439,131070,0,1
3440,131070,0,1
3441,131070,0,1
3442,542,0,0
3443,131070,0,1
3444,0,1631,0
3445,131070,0,1
3446,131070,0,1
3447,542,0,0
3448,131070,0,1
3449,0,1625,0
3450,131070,0,1
3451,131070,0,1
3452,542,0,0
3453,131070,0,1
3454,131070,0,1
3455,131070,0,1
3456,0,1625,0
3457,544,0,0
3458,131070,0,1
3459,131070,0,1
3460,131070,0,1
3461,541,0,0
3462,131070,0,1
3463,0,1625,0
3464,131070,0,1
3465,131070,0,1
3466,541,0,0
3467,131070,0,1
3468,0,1625,0
3469,131070,0,1
3470,131070,0,1
3471,541,0,0
3472,131070,0,1
3473,131070,0,1
3474,0,1620,0
3475,131070,0,1
3476,542,0,0
3477,131070,0,1
3478,131070,0,1
3479,131070,0,1
3480,540,0,0
3481,131070,0,1
3482,0,1614,0
3483,131070,0,1
3484,131070,0,1
3485,539,0,0
3486,131070,0,1
3487,0,1608,0
3488,131070,0,1
3489,131070,0,1
3490,541,0,0
3491,131070,0,1
3492,131070,0,1
3493,0,1608,0
3494,131070,0,1
3495,538,0,0
3496,131070,0,1
3497,131070,0,1
3498,131070,0,1
3499,538,0,0
3500,131070,0,1
3501,0,1608,0
3502,131070,0,1
3503,131070,0,1
3504,538,0,0
3505,131070,0,1
3506,0,1608,0
3507,131070,0,1
3508,539,0,0
3509,131070,0,1
3510,131070,0,1
3511,131070,0,1
3512,131070,0,1
3513,0,1603,0
3514,535,0,0
3515,131070,0,1
3516,131070,0,1
3517,131070,0,1
3518,534,0,0
3519,131070,0,1
3520,0,1603,0
3521,131070,0,1
3522,131070,0,1
3523,534,0,0
3524,131070,0,1
3525,131070,0,1
3526,0,1603,0
3527,131070,0,1
3528,535,0,0
3529,131070,0,1
3530,131070,0,1
3531,0,1603,0
3532,131070,0,1
3533,533,0,0
3534,131070,0,1
3535,131070,0,1
3536,131070,0,1
3537,531,0,0
3538,131070,0,1
3539,0,1603,0
3540,131070,0,1
3541,131070,0,1
3542,532,0,0
3543,131070,0,1
3544,0,1597,0
3545,131070,0,1
3546,131070,0,1
3547,532,0,0
3548,131070,0,1
3549,131070,0,1
3550,131070,0,1
3551,0,1591,0
3552,530,0,0
3553,131070,0,1
3554,131070,0,1
3555,131070,0,1
3556,530,0,0
3557,131070,0,1
3558,0,1591,0
3559,131070,0,1
3560,131070,0,1
3561,532,0,0
3562,131070,0,1
3563,131070,0,1
3564,0,1580,0
3565,131070,0,1
3566,530,0,0
3567,131070,0,1
3568,131070,0,1
3569,0,1575,0
3570,131070,0,1
3571,530,0,0
3572,131070,0,1
3573,131070,0,1
3574,131070,0,1
3575,530,0,0
3576,131070,0,1
3577,0,1575,0
3578,131070,0,1
3579,131070,0,1
3580,531,0,0
3581,131070,0,1
3582,0,1575,0
3583,131070,0,1
3584,131070,0,1
3585,527,0,0
3586,131070,0,1
3587,131070,0,1
3588,131070,0,1
3589,0,1569,0
3590,525,0,0
3591,131070,0,1
3592,131070,0,1
3593,131070,0,1
3594,525,0,0
3595,131070,0,1
3596,0,1569,0
3597,131070,0,1
3598,526,0,0
3599,131070,0,1
3600,131070,0,1
3601,131070,0,1
3602,0,1563,0
3603,131070,0,1
3604,523,0,0
3605,131070,0,1
3606,131070,0,1
3607,131070,0,1
3608,0,1558,0
3609,523,0,0
3610,131070,0,1
3611,131070,0,1
3612,131070,0,1
3613,523,0,0
3614,131070,0,1
3615,0,1558,0
3616,131070,0,1
3617,131070,0,1
3618,524,0,0
3619,131070,0,1
3620,0,1558,0
3621,131070,0,1
3622,131070,0,1
3623,522,0,0
3624,131070,0,1
3625,131070,0,1
3626,0,1558,0
3627,131070,0,1
3628,520,0,0
3629,131070,0,1
3630,131070,0,1
3631,131070,0,1
3632,522,0,0
3633,131070,0,1
3634,0,1552,0
3635,131070,0,1
3636,131070,0,1
3637,522,0,0
3638,131070,0,1
3639,0,1546,0
3640,131070,0,1
3641,131070,0,1
3642,519,0,0
3643,131070,0,1
3644,131070,0,1
3645,0,1541,0
3646,131070,0,1
3647,518,0,0
3648,131070,0,1
3649,131070,0,1
3650,131070,0,1
3651,520,0,0
3652,131070,0,1
3653,0,1535,0
3654,131070,0,1
3655,131070,0,1
3656,520,0,0
3657,131070,0,1
3658,0,1541,0
3659,131070,0,1
3660,131070,0,1
3661,519,0,0
3662,131070,0,1
3663,131070,0,1
3664,131070,0,1
3665,0,1535,0
3666,518,0,0
3667,131070,0,1
3668,131070,0,1
3669,131070,0,1
3670,519,0,0
3671,131070,0,1
3672,0,1535,0
3673,131070,0,1
3674,131070,0,1
3675,517,0,0
3676,131070,0,1
3677,0,1530,0
3678,131070,0,1
3679,131070,0,1
3680,517,0,0
3681,131070,0,1
3682,131070,0,1
3683,0,1530,0
3684,131070,0,1
3685,515,0,0
3686,131070,0,1
3687,131070,0,1
3688,131070,0,1
3689,516,0,0
3690,131070,0,1
3691,0,1530,0
3692,131070,0,1
3693,131070,0,1
3694,512,0,0
3695,131070,0,1
3696,0,1530,0
3697,131070,0,1
3698,131070,0,1
3699,512,0,0
3700,131070,0,1
3701,131070,0,1
3702,0,1524,0
3703,131070,0,1
3704,512,0,0
3705,131070,0,1
3706,131070,0,1
3707,131070,0,1
3708,511,0,0
3709,131070,0,1
3710,0,1524,0
3711,131070,0,1
3712,131070,0,1
3713,510,0,0
3714,131070,0,1
3715,131070,0,1
3716,0,1518,0
3717,131070,0,1
3718,510,0,0
3719,131070,0,1
3720,131070,0,1
3721,0,1518,0
3722,131070,0,1
3723,509,0,0
3724,131070,0,1
3725,131070,0,1
3726,131070,0,1
3727,509,0,0
3728,131070,0,1
3729,0,1518,0
3730,131070,0,1
3731,131070,0,1
3732,507,0,0
3733,131070,0,1
3734,0,1518,0
3735,131070,0,1
3736,131070,0,1
3737,506,0,0
3738,131070,0,1
3739,131070,0,1
3740,0,1513,0
3741,131070,0,1
3742,506,0,0
3743,131070,0,1
3744,131070,0,1
3745,131070,0,1
3746,508,0,0
3747,131070,0,1
3748,0,1507,0
3749,131070,0,1
3750,131070,0,1
3751,506,0,0
3752,131070,0,1
3753,0,1501,0
3754,131070,0,1
3755,131070,0,1
3756,505,0,0
3757,131070,0,1
3758,131070,0,1
3759,0,1501,0
3760,131070,0,1
3761,505,0,0
3762,131070,0,1
3763,131070,0,1
3764,131070,0,1
3765,506,0,0
3766,131070,0,1
3767,0,1496,0
3768,131070,0,1
3769,131070,0,1
3770,504,0,0
3771,131070,0,1
3772,131070,0,1
3773,0,1496,0
3774,131070,0,1
3775,503,0,0
3776,131070,0,1
3777,131070,0,1
3778,0,1496,0
3779,131070,0,1
3780,503,0,0
3781,131070,0,1
3782,131070,0,1
3783,131070,0,1
3784,503,0,0
3785,131070,0,1
3786,0,1496,0
3787,131070,0,1
3788,131070,0,1
3789,501,0,0
3790,131070,0,1
3791,0,1496,0
3792,131070,0,1
3793,131070,0,1
3794,501,0,0
3795,131070,0,1
3796,131070,0,1
3797,0,1490,0
3798,131070,0,1
3799,501,0,0
3800,131070,0,1
3801,131070,0,1
3802,131070,0,1
3803,502,0,0
3804,131070,0,1
3805,0,1490,0
3806,131070,0,1
3807,131070,0,1
3808,500,0,0
3809,131070,0,1
3810,0,1490,0
3811,131070,0,1
3812,131070,0,1
3813,501,0,0
3814,131070,0,1
3815,131070,0,1
3816,0,1490,0
3817,131070,0,1
3818,501,0,0
3819,131070,0,1
3820,131070,0,1
3821,131070,0,1
3822,502,0,0
3823,131070,0,1
3824,0,1490,0
3825,131070,0,1
3826,131070,0,1
3827,501,0,0
3828,131070,0,1
3829,0,1485,0
3830,131070,0,1
3831,131070,0,1
3832,500,0,0
3833,131070,0,1
3834,131070,0,1
3835,0,1485,0
3836,131070,0,1
3837,500,0,0
3838,131070,0,1
3839,131070,0,1
3840,131070,0,1
3841,500,0,0
3842,131070,0,1
3843,0,1479,0
3844,131070,0,1
3845,131070,0,1
3846,497,0,0
3847,131070,0,1
3848,0,1479,0
3849,131070,0,1
3850,131070,0,1
3851,496,0,0
3852,131070,0,1
3853,131070,0,1
3854,0,1479,0
3855,131070,0,1
3856,496,0,0
3857,131070,0,1
3858,131070,0,1
3859,131070,0,1
3860,496,0,0
3861,131070,0,1
3862,0,1479,0
3863,131070,0,1
3864,131070,0,1
3865,493,0,0
3866,131070,0,1
3867,0,1468,0
3868,131070,0,1
3869,131070,0,1
3870,493,0,0
3871,131070,0,1
3872,131070,0,1
3873,0,1468,0
3874,131070,0,1
3875,493,0,0
3876,131070,0,1
3877,131070,0,1
3878,131070,0,1
3879,494,0,0
3880,131070,0,1
3881,0,1468,0
3882,131070,0,1
3883,131070,0,1
3884,492,0,0
3885,131070,0,1
3886,0,1462,0
3887,131070,0,1
3888,131070,0,1
3889,492,0,0
3890,131070,0,1
3891,131070,0,1
3892,0,1456,0
3893,131070,0,1
3894,492,0,0
3895,131070,0,1
3896,131070,0,1
3897,131070,0,1
3898,492,0,0
3899,131070,0,1
3900,0,1462,0
3901,131070,0,1
3902,131070,0,1
3903,490,0,0
3904,131070,0,1
3905,0,1456,0
3906,131070,0,1
3907,131070,0,1
3908,490,0,0
3909,131070,0,1
3910,131070,0,1
3911,0,1451,0
3912,131070,0,1
3913,490,0,0
3914,131070,0,1
3915,131070,0,1
3916,131070,0,1
3917,489,0,0
3918,131070,0,1
3919,0,1451,0
3920,131070,0,1
3921,131070,0,1
3922,488,0,0
3923,131070,0,1
3924,0,1451,0
3925,131070,0,1
3926,131070,0,1
3927,488,0,0
3928,131070,0,1
3929,131070,0,1
3930,0,1445,0
3931,131070,0,1
3932,488,0,0
3933,131070,0,1
3934,131070,0,1
3935,131070,0,1
3936,488,0,0
3937,131070,0,1
3938,0,1445,0
3939,131070,0,1
3940,131070,0,1
3941,487,0,0
3942,131070,0,1
3943,0,1445,0
3944,131070,0,1
3945,131070,0,1
3946,487,0,0
3947,131070,0,1
3948,131070,0,1
3949,0,1445,0
3950,131070,0,1
3951,485,0,0
3952,131070,0,1
3953,131070,0,1
3954,131070,0,1
3955,487,0,0
3956,131070,0,1
3957,0,1445,0
3958,131070,0,1
3959,131070,0,1
3960,485,0,0
3961,131070,0,1
3962,0,1440,0
3963,131070,0,1
3964,131070,0,1
3965,485,0,0
3966,131070,0,1
3967,131070,0,1
3968,0,1434,0
3969,131070,0,1
3970,486,0,0
3971,131070,0,1
3972,131070,0,1
3973,131070,0,1
3974,487,0,0
3975,131070,0,1
3976,0,1440,0
3977,131070,0,1
3978,131070,0,1
3979,487,0,0
3980,131070,0,1
3981,131070,0,1
3982,0,1434,0
3983,131070,0,1
3984,484,0,0
3985,131070,0,1
3986,131070,0,1
3987,0,1434,0
3988,131070,0,1
3989,484,0,0
3990,131070,0,1
3991,131070,0,1
3992,131070,0,1
3993,485,0,0
3994,131070,0,1
3995,0,1434,0
3996,131070,0,1
3997,131070,0,1
3998,485,0,0
3999,131070,0,1
4000,0,1423,0
4001,131070,0,1
4002,131070,0,1
4003,483,0,0
4004,131070,0,1
4005,131070,0,1
4006,0,1417,0
4007,131070,0,1
4008,482,0,0
4009,131070,0,1
4010,131070,0,1
4011,131070,0,1
4012,484,0,0
4013,131070,0,1
4014,0,1423,0
4015,131070,0,1
4016,131070,0,1
4017,484,0,0
4018,131070,0,1
4019,0,1434,0
4020,131070,0,1
4021,131070,0,1
4022,482,0,0
4023,131070,0,1
4024,131070,0,1
4025,0,1428,0
4026,131070,0,1
4027,481,0,0
4028,131070,0,1
4029,131070,0,1
4030,131070,0,1
4031,481,0,0
4032,131070,0,1
4033,0,1423,0
4034,131070,0,1
4035,131070,0,1
4036,481,0,0
4037,131070,0,1
4038,0,1417,0
4039,131070,0,1
4040,131070,0,1
4041,478,0,0
4042,131070,0,1
4043,131070,0,1
4044,0,1411,0
4045,131070,0,1
4046,478,0,0
4047,131070,0,1
4048,131070,0,1
4049,478,0,0
4050,131070,0,1
4051,131070,0,1
4052,0,1411,0
4053,131070,0,1
4054,131070,0,1
4055,480,0,0
4056,131070,0,1
4057,0,1406,0
4058,131070,0,1
4059,131070,0,1
4060,478,0,0
4061,131070,0,1
4062,131070,0,1
4063,0,1406,0
4064,131070,0,1
4065,478,0,0
4066,131070,0,1
4067,131070,0,1
4068,131070,0,1
4069,478,0,0
4070,131070,0,1
4071,0,1406,0
4072,131070,0,1
4073,131070,0,1
4074,480,0,0
4075,131070,0,1
4076,0,1406,0
4077,131070,0,1
4078,131070,0,1
4079,478,0,0
4080,131070,0,1
4081,131070,0,1
4082,0,1400,0
4083,131070,0,1
4084,478,0,0
4085,131070,0,1
4086,131070,0,1
4087,131070,0,1
4088,477,0,0
4089,131070,0,1
4090,0,1400,0
4091,131070,0,1
4092,131070,0,1
4093,479,0,0
4094,131070,0,1
4095,0,1400,0
4096,131070,0,1
4097,131070,0,1
4098,479,0,0
4099,131070,0,1
4100,131070,0,1
4101,0,1395,0
4102,131070,0,1
4103,477,0,0
4104,131070,0,1
4105,131070,0,1
4106,131070,0,1
4107,476,0,0
4108,131070,0,1
4109,0,1395,0
4110,131070,0,1
4111,131070,0,1
4112,478,0,0
4113,131070,0,1
4114,0,1395,0
4115,131070,0,1
4116,131070,0,1
4117,478,0,0
4118,131070,0,1
4119,131070,0,1
4120,0,1389,0
4121,131070,0,1
4122,476,0,0
4123,131070,0,1
4124,131070,0,1
4125,131070,0,1
4126,475,0,0
4127,131070,0,1
4128,0,1395,0
4129,131070,0,1
4130,131070,0,1
4131,475,0,0
4132,131070,0,1
4133,0,1383,0
4134,131070,0,1
4135,131070,0,1
4136,477,0,0
4137,131070,0,1
4138,131070,0,1
4139,0,1378,0
4140,131070,0,1
4141,475,0,0
4142,131070,0,1
4143,131070,0,1
4144,131070,0,1
4145,474,0,0
4146,131070,0,1
4147,0,1378,0
4148,131070,0,1
4149,131070,0,1
4150,474,0,0
4151,131070,0,1
4152,0,1383,0
4153,131070,0,1
4154,131070,0,1
4155,476,0,0
4156,131070,0,1
4157,131070,0,1
4158,131070,0,1
4159,0,1378,0
4160,473,0,0
4161,131070,0,1
4162,131070,0,1
4163,131070,0,1
4164,473,0,0
4165,131070,0,1
4166,0,1378,0
4167,131070,0,1
4168,131070,0,1
4169,473,0,0
4170,131070,0,1
4171,0,1378,0
4172,131070,0,1
4173,131070,0,1
4174,473,0,0
4175,131070,0,1
4176,131070,0,1
4177,0,1378,0
4178,131070,0,1
4179,472,0,0
4180,131070,0,1
4181,131070,0,1
4182,131070,0,1
4183,472,0,0
4184,131070,0,1
4185,0,1372,0
4186,131070,0,1
4187,131070,0,1
4188,472,0,0
4189,131070,0,1
4190,0,1372,0
4191,131070,0,1
4192,131070,0,1
4193,470,0,0
4194,131070,0,1
4195,131070,0,1
4196,0,1372,0
4197,131070,0,1
4198,470,0,0
4199,131070,0,1
4200,131070,0,1
4201,131070,0,1
4202,467,0,0
4203,131070,0,1
4204,0,1366,0
4205,131070,0,1
4206,131070,0,1
4207,466,0,0
4208,131070,0,1
4209,0,1366,0
4210,131070,0,1
4211,131070,0,1
4212,468,0,0
4213,131070,0,1
4214,131070,0,1
4215,0,1366,0
4216,131070,0,1
4217,468,0,0
4218,131070,0,1
4219,131070,0,1
4220,131070,0,1
4221,466,0,0
4222,131070,0,1
4223,0,1361,0
4224,131070,0,1
4225,131070,0,1
4226,466,0,0
4227,131070,0,1
4228,0,1355,0
4229,131070,0,1
4230,131070,0,1
4231,466,0,0
4232,131070,0,1
4233,131070,0,1
4234,0,1355,0
4235,131070,0,1
4236,468,0,0
4237,131070,0,1
4238,131070,0,1
4239,131070,0,1
4240,466,0,0
4241,131070,0,1
4242,0,1355,0
4243,131070,0,1
4244,131070,0,1
4245,466,0,0
4246,131070,0,1
4247,0,1355,0
4248,131070,0,1
4249,131070,0,1
4250,466,0,0
4251,131070,0,1
4252,131070,0,1
4253,0,1355,0
4254,131070,0,1
4255,466,0,0
4256,131070,0,1
4257,131070,0,1
4258,131070,0,1
4259,464,0,0
4260,131070,0,1
4261,0,1350,0
4262,131070,0,1
4263,131070,0,1
4264,464,0,0
4265,131070,0,1
4266,0,1350,0
4267,131070,0,1
4268,131070,0,1
4269,463,0,0
4270,131070,0,1
4271,131070,0,1
4272,0,1344,0
4273,131070,0,1
4274,463,0,0
4275,131070,0,1
4276,131070,0,1
4277,131070,0,1
4278,463,0,0
4279,131070,0,1
4280,0,1344,0
4281,131070,0,1
4282,131070,0,1
4283,462,0,0
4284,131070,0,1
4285,0,1338,0
4286,131070,0,1
4287,131070,0,1
4288,461,0,0
4289,131070,0,1
4290,131070,0,1
4291,0,1338,0
4292,461,0,0
4293,131070,0,1
4294,131070,0,1
4295,131070,0,1
4296,131070,0,1
4297,462,0,0
4298,131070,0,1
4299,0,1338,0
4300,131070,0,1
4301,131070,0,1
4302,460,0,0
4303,131070,0,1
4304,0,1338,0
4305,131070,0,1
4306,131070,0,1
4307,460,0,0
4308,131070,0,1
4309,131070,0,1
4310,0,1333,0
4311,131070,0,1
4312,461,0,0
4313,131070,0,1
4314,131070,0,1
4315,131070,0,1
4316,460,0,0
4317,131070,0,1
4318,0,1333,0
4319,131070,0,1
4320,131070,0,1
4321,458,0,0
4322,131070,0,1
4323,0,1327,0
4324,131070,0,1
4325,131070,0,1
4326,458,0,0
4327,131070,0,1
4328,131070,0,1
4329,0,1327,0
4330,131070,0,1
4331,457,0,0
4332,131070,0,1
4333,131070,0,1
4334,131070,0,1
4335,457,0,0
4336,131070,0,1
4337,0,1327,0
4338,131070,0,1
4339,131070,0,1
4340,457,0,0
4341,131070,0,1
4342,0,1327,0
4343,131070,0,1
4344,131070,0,1
4345,456,0,0
4346,131070,0,1
4347,131070,0,1
4348,0,1327,0
4349,131070,0,1
4350,457,0,0
4351,131070,0,1
4352,131070,0,1
4353,131070,0,1
4354,457,0,0
4355,131070,0,1
4356,0,1327,0
4357,131070,0,1
4358,131070,0,1
4359,456,0,0
4360,131070,0,1
4361,0,1327,0
4362,131070,0,1
4363,131070,0,1
4364,454,0,0
4365,131070,0,1
4366,131070,0,1
4367,0,1321,0
4368,131070,0,1
4369,454,0,0
4370,131070,0,1
4371,131070,0,1
4372,131070,0,1
4373,453,0,0
4374,131070,0,1
4375,0,1321,0
4376,131070,0,1
4377,131070,0,1
4378,454,0,0
4379,131070,0,1
4380,0,1321,0
4381,131070,0,1
4382,131070,0,1
4383,454,0,0
4384,131070,0,1
4385,131070,0,1
4386,0,1316,0
4387,131070,0,1
4388,450,0,0
4389,131070,0,1
4390,131070,0,1
4391,131070,0,1
4392,448,0,0
4393,131070,0,1
4394,0,1316,0
4395,131070,0,1
4396,131070,0,1
4397,448,0,0
4398,131070,0,1
4399,0,1316,0
4400,131070,0,1
4401,131070,0,1
4402,449,0,0
4403,131070,0,1
4404,131070,0,1
4405,0,1310,0
4406,131070,0,1
4407,447,0,0
4408,131070,0,1
4409,131070,0,1
4410,131070,0,1
4411,447,0,0
4412,131070,0,1
4413,0,1310,0
4414,131070,0,1
4415,131070,0,1
4416,448,0,0
4417,131070,0,1
4418,0,1310,0
4419,131070,0,1
4420,131070,0,1
4421,450,0,0
4422,131070,0,1
4423,131070,0,1
4424,0,1305,0
4425,131070,0,1
4426,450,0,0
4427,131070,0,1
4428,131070,0,1
4429,131070,0,1
4430,450,0,0
4431,131070,0,1
4432,0,1299,0
4433,131070,0,1
4434,131070,0,1
4435,450,0,0
4436,131070,0,1
4437,0,1299,0
4438,131070,0,1
4439,131070,0,1
4440,449,0,0
4441,131070,0,1
4442,131070,0,1
4443,0,1299,0
4444,131070,0,1
4445,449,0,0
4446,131070,0,1
4447,131070,0,1
4448,131070,0,1
4449,447,0,0
4450,131070,0,1
4451,0,1299,0
4452,131070,0,1
4453,131070,0,1
4454,446,0,0
4455,131070,0,1
4456,0,1293,0
4457,131070,0,1
4458,131070,0,1
4459,446,0,0
4460,131070,0,1
4461,131070,0,1
4462,0,1293,0
4463,131070,0,1
4464,448,0,0
4465,131070,0,1
4466,131070,0,1
4467,131070,0,1
4468,446,0,0
4469,131070,0,1
4470,0,1293,0
4471,131070,0,1
4472,131070,0,1
4473,446,0,0
4474,131070,0,1
4475,0,1293,0
4476,131070,0,1
4477,131070,0,1
4478,446,0,0
4479,131070,0,1
4480,131070,0,1
4481,0,1293,0
4482,131070,0,1
4483,446,0,0
4484,131070,0,1
4485,131070,0,1
4486,131070,0,1
4487,446,0,0
4488,131070,0,1
4489,0,1293,0
4490,131070,0,1
4491,131070,0,1
4492,444,0,0
4493,131070,0,1
4494,0,1288,0
4495,131070,0,1
4496,131070,0,1
4497,445,0,0
4498,131070,0,1
4499,131070,0,1
4500,0,1282,0
4501,131070,0,1
4502,445,0,0
4503,131070,0,1
4504,131070,0,1
4505,131070,0,1
4506,446,0,0
4507,131070,0,1
4508,0,1276,0
4509,131070,0,1
4510,131070,0,1
4511,445,0,0
4512,131070,0,1
4513,0,1276,0
4514,131070,0,1
4515,131070,0,1
4516,445,0,0
4517,131070,0,1
4518,131070,0,1
4519,0,1276,0
4520,131070,0,1
4521,444,0,0
4522,131070,0,1
4523,131070,0,1
4524,131070,0,1
4525,445,0,0
4526,131070,0,1
4527,0,1276,0
4528,131070,0,1
4529,131070,0,1
4530,445,0,0
4531,131070,0,1
4532,0,1276,0
4533,131070,0,1
4534,131070,0,1
4535,442,0,0
4536,131070,0,1
4537,131070,0,1
4538,0,1276,0
4539,131070,0,1
4540,441,0,0
4541,131070,0,1
4542,131070,0,1
